video_id,source_file,start_frame,end_frame,label,y_true,y_pred,fall_probability
adl-02-cam0-rgb,data/keypoints_ur/adl/adl-02-cam0-rgb.npz,1,60,0,0,0,0.00028626315
adl-02-cam0-rgb,data/keypoints_ur/adl/adl-02-cam0-rgb.npz,16,75,0,0,0,0.00025493666
adl-02-cam0-rgb,data/keypoints_ur/adl/adl-02-cam0-rgb.npz,31,90,0,0,0,0.00018323357
adl-02-cam0-rgb,data/keypoints_ur/adl/adl-02-cam0-rgb.npz,46,105,0,0,0,8.182556e-05
adl-02-cam0-rgb,data/keypoints_ur/adl/adl-02-cam0-rgb.npz,61,120,0,0,0,2.6763819e-05
adl-02-cam0-rgb,data/keypoints_ur/adl/adl-02-cam0-rgb.npz,76,135,0,0,0,1.4579014e-05
adl-02-cam0-rgb,data/keypoints_ur/adl/adl-02-cam0-rgb.npz,91,150,0,0,0,0.00012485037
adl-02-cam0-rgb,data/keypoints_ur/adl/adl-02-cam0-rgb.npz,106,165,0,0,0,0.0009826089
adl-02-cam0-rgb,data/keypoints_ur/adl/adl-02-cam0-rgb.npz,121,180,0,0,0,0.0020446826
adl-06-cam0-rgb,data/keypoints_ur/adl/adl-06-cam0-rgb.npz,1,60,0,0,0,0.00036944431
adl-06-cam0-rgb,data/keypoints_ur/adl/adl-06-cam0-rgb.npz,16,75,0,0,0,0.00019648965
adl-06-cam0-rgb,data/keypoints_ur/adl/adl-06-cam0-rgb.npz,31,90,0,0,0,7.741436e-05
adl-06-cam0-rgb,data/keypoints_ur/adl/adl-06-cam0-rgb.npz,46,105,0,0,0,2.9007215e-05
adl-06-cam0-rgb,data/keypoints_ur/adl/adl-06-cam0-rgb.npz,61,120,0,0,0,9.174973e-06
adl-06-cam0-rgb,data/keypoints_ur/adl/adl-06-cam0-rgb.npz,76,135,0,0,0,6.892966e-06
adl-06-cam0-rgb,data/keypoints_ur/adl/adl-06-cam0-rgb.npz,91,150,0,0,0,6.22871e-05
adl-06-cam0-rgb,data/keypoints_ur/adl/adl-06-cam0-rgb.npz,106,165,0,0,0,0.00092322374
adl-06-cam0-rgb,data/keypoints_ur/adl/adl-06-cam0-rgb.npz,121,180,0,0,0,0.0014354618
adl-06-cam0-rgb,data/keypoints_ur/adl/adl-06-cam0-rgb.npz,136,195,0,0,0,0.00035086565
adl-06-cam0-rgb,data/keypoints_ur/adl/adl-06-cam0-rgb.npz,151,210,0,0,0,0.00020549362
adl-06-cam0-rgb,data/keypoints_ur/adl/adl-06-cam0-rgb.npz,166,225,0,0,0,0.00022198287
adl-15-cam0-rgb,data/keypoints_ur/adl/adl-15-cam0-rgb.npz,16,75,0,0,0,0.0001527472
adl-15-cam0-rgb,data/keypoints_ur/adl/adl-15-cam0-rgb.npz,31,90,0,0,0,0.0001505334
adl-15-cam0-rgb,data/keypoints_ur/adl/adl-15-cam0-rgb.npz,46,105,0,0,0,0.00014408705
adl-15-cam0-rgb,data/keypoints_ur/adl/adl-15-cam0-rgb.npz,61,120,0,0,0,0.00015721544
adl-15-cam0-rgb,data/keypoints_ur/adl/adl-15-cam0-rgb.npz,76,135,0,0,0,0.00025308106
adl-15-cam0-rgb,data/keypoints_ur/adl/adl-15-cam0-rgb.npz,91,150,0,0,0,0.00035347365
adl-15-cam0-rgb,data/keypoints_ur/adl/adl-15-cam0-rgb.npz,106,165,0,0,0,0.00038495523
adl-15-cam0-rgb,data/keypoints_ur/adl/adl-15-cam0-rgb.npz,121,180,0,0,0,0.0005185108
adl-15-cam0-rgb,data/keypoints_ur/adl/adl-15-cam0-rgb.npz,136,195,0,0,0,0.0011451069
adl-15-cam0-rgb,data/keypoints_ur/adl/adl-15-cam0-rgb.npz,151,210,0,0,0,0.0020175404
adl-15-cam0-rgb,data/keypoints_ur/adl/adl-15-cam0-rgb.npz,166,225,0,0,0,0.0011642628
adl-15-cam0-rgb,data/keypoints_ur/adl/adl-15-cam0-rgb.npz,181,240,0,0,0,0.0005905291
adl-15-cam0-rgb,data/keypoints_ur/adl/adl-15-cam0-rgb.npz,196,255,0,0,0,0.0008328774
adl-15-cam0-rgb,data/keypoints_ur/adl/adl-15-cam0-rgb.npz,211,270,0,0,0,0.00090157
adl-18-cam0-rgb,data/keypoints_ur/adl/adl-18-cam0-rgb.npz,46,105,0,0,0,0.00015468724
adl-18-cam0-rgb,data/keypoints_ur/adl/adl-18-cam0-rgb.npz,61,120,0,0,0,0.00014889924
adl-18-cam0-rgb,data/keypoints_ur/adl/adl-18-cam0-rgb.npz,76,135,0,0,0,0.0001499293
adl-18-cam0-rgb,data/keypoints_ur/adl/adl-18-cam0-rgb.npz,91,150,0,0,0,0.00022653521
adl-18-cam0-rgb,data/keypoints_ur/adl/adl-18-cam0-rgb.npz,106,165,0,0,0,0.00035267207
adl-18-cam0-rgb,data/keypoints_ur/adl/adl-18-cam0-rgb.npz,121,180,0,0,0,0.00023572888
adl-18-cam0-rgb,data/keypoints_ur/adl/adl-18-cam0-rgb.npz,136,195,0,0,0,8.952409e-05
adl-18-cam0-rgb,data/keypoints_ur/adl/adl-18-cam0-rgb.npz,151,210,0,0,0,3.9340714e-05
adl-18-cam0-rgb,data/keypoints_ur/adl/adl-18-cam0-rgb.npz,166,225,0,0,0,4.1717227e-05
adl-18-cam0-rgb,data/keypoints_ur/adl/adl-18-cam0-rgb.npz,181,240,0,0,0,0.00012902298
adl-18-cam0-rgb,data/keypoints_ur/adl/adl-18-cam0-rgb.npz,196,255,0,0,0,0.0003965822
adl-23-cam0-rgb,data/keypoints_ur/adl/adl-23-cam0-rgb.npz,1,60,0,0,0,0.00015722205
adl-23-cam0-rgb,data/keypoints_ur/adl/adl-23-cam0-rgb.npz,16,75,0,0,0,0.00015711086
adl-23-cam0-rgb,data/keypoints_ur/adl/adl-23-cam0-rgb.npz,31,90,0,0,0,0.0001885037
adl-23-cam0-rgb,data/keypoints_ur/adl/adl-23-cam0-rgb.npz,46,105,0,0,0,0.00046393718
adl-23-cam0-rgb,data/keypoints_ur/adl/adl-23-cam0-rgb.npz,61,120,0,0,0,0.0006201418
adl-23-cam0-rgb,data/keypoints_ur/adl/adl-23-cam0-rgb.npz,76,135,0,0,0,0.0008318936
adl-23-cam0-rgb,data/keypoints_ur/adl/adl-23-cam0-rgb.npz,91,150,0,0,0,0.00091039436
adl-23-cam0-rgb,data/keypoints_ur/adl/adl-23-cam0-rgb.npz,106,165,0,0,0,0.0011813962
adl-23-cam0-rgb,data/keypoints_ur/adl/adl-23-cam0-rgb.npz,121,180,0,0,0,0.0009825181
adl-23-cam0-rgb,data/keypoints_ur/adl/adl-23-cam0-rgb.npz,136,195,0,0,0,0.0009896731
adl-25-cam0-rgb,data/keypoints_ur/adl/adl-25-cam0-rgb.npz,1,60,0,0,0,0.00035472383
adl-25-cam0-rgb,data/keypoints_ur/adl/adl-25-cam0-rgb.npz,16,75,0,0,0,0.0014165916
adl-25-cam0-rgb,data/keypoints_ur/adl/adl-25-cam0-rgb.npz,31,90,0,0,0,0.0022554991
adl-25-cam0-rgb,data/keypoints_ur/adl/adl-25-cam0-rgb.npz,46,105,0,0,0,0.0022442474
adl-29-cam0-rgb,data/keypoints_ur/adl/adl-29-cam0-rgb.npz,1,60,0,0,0,0.00031112085
adl-29-cam0-rgb,data/keypoints_ur/adl/adl-29-cam0-rgb.npz,16,75,0,0,0,0.000402336
adl-29-cam0-rgb,data/keypoints_ur/adl/adl-29-cam0-rgb.npz,31,90,0,0,0,0.00096856634
adl-29-cam0-rgb,data/keypoints_ur/adl/adl-29-cam0-rgb.npz,46,105,0,0,0,0.0022643318
adl-29-cam0-rgb,data/keypoints_ur/adl/adl-29-cam0-rgb.npz,61,120,0,0,0,0.0024628055
adl-30-cam0-rgb,data/keypoints_ur/adl/adl-30-cam0-rgb.npz,1,60,0,0,0,0.00017447477
adl-30-cam0-rgb,data/keypoints_ur/adl/adl-30-cam0-rgb.npz,16,75,0,0,0,0.00017081431
adl-30-cam0-rgb,data/keypoints_ur/adl/adl-30-cam0-rgb.npz,31,90,0,0,0,0.00016234227
adl-30-cam0-rgb,data/keypoints_ur/adl/adl-30-cam0-rgb.npz,46,105,0,0,0,0.00016370865
adl-30-cam0-rgb,data/keypoints_ur/adl/adl-30-cam0-rgb.npz,61,120,0,0,0,0.0001785205
adl-30-cam0-rgb,data/keypoints_ur/adl/adl-30-cam0-rgb.npz,76,135,0,0,0,0.00020585308
adl-30-cam0-rgb,data/keypoints_ur/adl/adl-30-cam0-rgb.npz,91,150,0,0,0,0.00020644511
adl-30-cam0-rgb,data/keypoints_ur/adl/adl-30-cam0-rgb.npz,106,165,0,0,0,0.00020855591
adl-30-cam0-rgb,data/keypoints_ur/adl/adl-30-cam0-rgb.npz,121,180,0,0,0,0.00042055536
adl-30-cam0-rgb,data/keypoints_ur/adl/adl-30-cam0-rgb.npz,136,195,0,0,0,0.00035515596
adl-30-cam0-rgb,data/keypoints_ur/adl/adl-30-cam0-rgb.npz,151,210,0,0,0,0.00013796108
adl-30-cam0-rgb,data/keypoints_ur/adl/adl-30-cam0-rgb.npz,166,225,0,0,0,0.00013346937
adl-30-cam0-rgb,data/keypoints_ur/adl/adl-30-cam0-rgb.npz,181,240,0,0,0,6.9390495e-05
adl-30-cam0-rgb,data/keypoints_ur/adl/adl-30-cam0-rgb.npz,196,255,0,0,0,6.06871e-05
adl-30-cam0-rgb,data/keypoints_ur/adl/adl-30-cam0-rgb.npz,211,270,0,0,0,9.364592e-05
adl-30-cam0-rgb,data/keypoints_ur/adl/adl-30-cam0-rgb.npz,226,285,0,0,0,0.000105867
adl-30-cam0-rgb,data/keypoints_ur/adl/adl-30-cam0-rgb.npz,241,300,0,0,0,0.00015883902
adl-30-cam0-rgb,data/keypoints_ur/adl/adl-30-cam0-rgb.npz,256,315,0,0,0,0.00020738975
adl-30-cam0-rgb,data/keypoints_ur/adl/adl-30-cam0-rgb.npz,271,330,0,0,0,0.00032206075
adl-30-cam0-rgb,data/keypoints_ur/adl/adl-30-cam0-rgb.npz,286,345,0,0,0,0.0004736184
adl-30-cam0-rgb,data/keypoints_ur/adl/adl-30-cam0-rgb.npz,301,360,0,0,0,0.0004992944
adl-30-cam0-rgb,data/keypoints_ur/adl/adl-30-cam0-rgb.npz,316,375,0,0,0,0.00049217814
adl-30-cam0-rgb,data/keypoints_ur/adl/adl-30-cam0-rgb.npz,331,390,0,0,0,0.00043745077
fall-09-cam0-rgb,data/keypoints_ur/fall/fall-09-cam0-rgb.npz,1,60,0,0,0,5.2529454e-06
fall-09-cam0-rgb,data/keypoints_ur/fall/fall-09-cam0-rgb.npz,16,75,0,0,0,1.891369e-05
fall-09-cam0-rgb,data/keypoints_ur/fall/fall-09-cam0-rgb.npz,31,90,0,0,0,6.621637e-05
fall-09-cam0-rgb,data/keypoints_ur/fall/fall-09-cam0-rgb.npz,46,105,0,0,0,8.155463e-05
fall-09-cam0-rgb,data/keypoints_ur/fall/fall-09-cam0-rgb.npz,61,120,0,0,0,2.4690135e-05
fall-09-cam0-rgb,data/keypoints_ur/fall/fall-09-cam0-rgb.npz,106,165,1,1,1,0.99950683
fall-10-cam0-rgb,data/keypoints_ur/fall/fall-10-cam0-rgb.npz,16,75,1,1,1,0.9999976
fall-10-cam0-rgb,data/keypoints_ur/fall/fall-10-cam0-rgb.npz,31,90,1,1,1,0.99990356
fall-14-cam0-rgb,data/keypoints_ur/fall/fall-14-cam0-rgb.npz,1,60,1,1,1,0.999949
fall-17-cam0-rgb,data/keypoints_ur/fall/fall-17-cam0-rgb.npz,31,90,1,1,1,0.99999404
fall-25-cam0-rgb,data/keypoints_ur/fall/fall-25-cam0-rgb.npz,16,75,1,1,1,0.99994266
adl-08-cam0-rgb,data/keypoints_ur/adl/adl-08-cam0-rgb.npz,1,60,0,0,0,0.036723163
adl-08-cam0-rgb,data/keypoints_ur/adl/adl-08-cam0-rgb.npz,16,75,0,0,0,0.040088862
adl-08-cam0-rgb,data/keypoints_ur/adl/adl-08-cam0-rgb.npz,31,90,0,0,0,0.019167338
adl-08-cam0-rgb,data/keypoints_ur/adl/adl-08-cam0-rgb.npz,46,105,0,0,0,0.0032719732
adl-08-cam0-rgb,data/keypoints_ur/adl/adl-08-cam0-rgb.npz,61,120,0,0,0,0.00059102016
adl-08-cam0-rgb,data/keypoints_ur/adl/adl-08-cam0-rgb.npz,76,135,0,0,0,0.0003123051
adl-08-cam0-rgb,data/keypoints_ur/adl/adl-08-cam0-rgb.npz,91,150,0,0,0,0.00037618665
adl-08-cam0-rgb,data/keypoints_ur/adl/adl-08-cam0-rgb.npz,106,165,0,0,0,0.0003980017
adl-08-cam0-rgb,data/keypoints_ur/adl/adl-08-cam0-rgb.npz,121,180,0,0,0,0.00037380774
adl-09-cam0-rgb,data/keypoints_ur/adl/adl-09-cam0-rgb.npz,1,60,0,0,0,0.02402942
adl-09-cam0-rgb,data/keypoints_ur/adl/adl-09-cam0-rgb.npz,16,75,0,0,0,0.014335805
adl-09-cam0-rgb,data/keypoints_ur/adl/adl-09-cam0-rgb.npz,31,90,0,0,0,0.0102311075
adl-09-cam0-rgb,data/keypoints_ur/adl/adl-09-cam0-rgb.npz,46,105,0,0,0,0.009881517
adl-09-cam0-rgb,data/keypoints_ur/adl/adl-09-cam0-rgb.npz,61,120,0,0,0,0.013903223
adl-09-cam0-rgb,data/keypoints_ur/adl/adl-09-cam0-rgb.npz,76,135,0,0,0,0.017734805
adl-09-cam0-rgb,data/keypoints_ur/adl/adl-09-cam0-rgb.npz,91,150,0,0,0,0.011032676
adl-22-cam0-rgb,data/keypoints_ur/adl/adl-22-cam0-rgb.npz,1,60,0,0,0,4.107272e-05
adl-22-cam0-rgb,data/keypoints_ur/adl/adl-22-cam0-rgb.npz,16,75,0,0,0,3.469412e-05
adl-22-cam0-rgb,data/keypoints_ur/adl/adl-22-cam0-rgb.npz,31,90,0,0,0,2.9890778e-05
adl-22-cam0-rgb,data/keypoints_ur/adl/adl-22-cam0-rgb.npz,46,105,0,0,0,2.7183412e-05
adl-22-cam0-rgb,data/keypoints_ur/adl/adl-22-cam0-rgb.npz,61,120,0,0,0,8.545269e-05
adl-22-cam0-rgb,data/keypoints_ur/adl/adl-22-cam0-rgb.npz,76,135,0,0,0,0.00032775113
adl-22-cam0-rgb,data/keypoints_ur/adl/adl-22-cam0-rgb.npz,91,150,0,0,0,0.0010748821
adl-22-cam0-rgb,data/keypoints_ur/adl/adl-22-cam0-rgb.npz,106,165,0,0,0,0.0033693705
adl-22-cam0-rgb,data/keypoints_ur/adl/adl-22-cam0-rgb.npz,121,180,0,0,0,0.0056600664
adl-22-cam0-rgb,data/keypoints_ur/adl/adl-22-cam0-rgb.npz,136,195,0,0,0,0.0070117624
adl-22-cam0-rgb,data/keypoints_ur/adl/adl-22-cam0-rgb.npz,151,210,0,0,0,0.0070680035
adl-22-cam0-rgb,data/keypoints_ur/adl/adl-22-cam0-rgb.npz,166,225,0,0,0,0.0037996413
adl-28-cam0-rgb,data/keypoints_ur/adl/adl-28-cam0-rgb.npz,1,60,0,0,0,0.009240863
adl-28-cam0-rgb,data/keypoints_ur/adl/adl-28-cam0-rgb.npz,16,75,0,0,0,0.012026859
adl-31-cam0-rgb,data/keypoints_ur/adl/adl-31-cam0-rgb.npz,1,60,0,0,0,0.016934033
adl-31-cam0-rgb,data/keypoints_ur/adl/adl-31-cam0-rgb.npz,16,75,0,0,0,0.0093350075
adl-31-cam0-rgb,data/keypoints_ur/adl/adl-31-cam0-rgb.npz,31,90,0,0,0,0.009924411
adl-31-cam0-rgb,data/keypoints_ur/adl/adl-31-cam0-rgb.npz,46,105,0,0,0,0.01496457
adl-31-cam0-rgb,data/keypoints_ur/adl/adl-31-cam0-rgb.npz,61,120,0,0,0,0.004767189
adl-31-cam0-rgb,data/keypoints_ur/adl/adl-31-cam0-rgb.npz,76,135,0,0,0,0.0012200535
adl-31-cam0-rgb,data/keypoints_ur/adl/adl-31-cam0-rgb.npz,91,150,0,0,0,0.00011087106
adl-31-cam0-rgb,data/keypoints_ur/adl/adl-31-cam0-rgb.npz,106,165,0,0,0,0.00015251087
adl-31-cam0-rgb,data/keypoints_ur/adl/adl-31-cam0-rgb.npz,121,180,0,0,0,8.694249e-05
adl-31-cam0-rgb,data/keypoints_ur/adl/adl-31-cam0-rgb.npz,136,195,0,0,0,7.262072e-05
adl-31-cam0-rgb,data/keypoints_ur/adl/adl-31-cam0-rgb.npz,151,210,0,0,0,0.00012818175
adl-31-cam0-rgb,data/keypoints_ur/adl/adl-31-cam0-rgb.npz,166,225,0,0,0,4.6567824e-05
adl-31-cam0-rgb,data/keypoints_ur/adl/adl-31-cam0-rgb.npz,181,240,0,0,0,2.5848542e-05
adl-33-cam0-rgb,data/keypoints_ur/adl/adl-33-cam0-rgb.npz,1,60,0,0,0,0.010548643
adl-33-cam0-rgb,data/keypoints_ur/adl/adl-33-cam0-rgb.npz,16,75,0,0,0,0.01374651
adl-33-cam0-rgb,data/keypoints_ur/adl/adl-33-cam0-rgb.npz,31,90,0,0,0,0.009770904
adl-33-cam0-rgb,data/keypoints_ur/adl/adl-33-cam0-rgb.npz,46,105,0,0,0,0.005917393
adl-33-cam0-rgb,data/keypoints_ur/adl/adl-33-cam0-rgb.npz,61,120,0,0,0,0.005110688
adl-33-cam0-rgb,data/keypoints_ur/adl/adl-33-cam0-rgb.npz,76,135,0,0,0,0.003660751
adl-33-cam0-rgb,data/keypoints_ur/adl/adl-33-cam0-rgb.npz,91,150,0,0,0,0.0016864174
adl-33-cam0-rgb,data/keypoints_ur/adl/adl-33-cam0-rgb.npz,106,165,0,0,0,0.00075578585
adl-33-cam0-rgb,data/keypoints_ur/adl/adl-33-cam0-rgb.npz,121,180,0,0,0,0.00051793584
adl-33-cam0-rgb,data/keypoints_ur/adl/adl-33-cam0-rgb.npz,136,195,0,0,0,0.0006260928
adl-36-cam0-rgb,data/keypoints_ur/adl/adl-36-cam0-rgb.npz,1,60,0,0,0,3.1858315e-05
adl-36-cam0-rgb,data/keypoints_ur/adl/adl-36-cam0-rgb.npz,16,75,0,0,0,3.103191e-05
adl-36-cam0-rgb,data/keypoints_ur/adl/adl-36-cam0-rgb.npz,31,90,0,0,0,3.178139e-05
adl-36-cam0-rgb,data/keypoints_ur/adl/adl-36-cam0-rgb.npz,46,105,0,0,0,4.0122955e-05
adl-36-cam0-rgb,data/keypoints_ur/adl/adl-36-cam0-rgb.npz,61,120,0,0,0,3.7185113e-05
adl-36-cam0-rgb,data/keypoints_ur/adl/adl-36-cam0-rgb.npz,76,135,0,0,0,4.4986733e-05
adl-36-cam0-rgb,data/keypoints_ur/adl/adl-36-cam0-rgb.npz,91,150,0,0,0,0.00015642698
adl-36-cam0-rgb,data/keypoints_ur/adl/adl-36-cam0-rgb.npz,106,165,0,0,0,0.00293817
adl-36-cam0-rgb,data/keypoints_ur/adl/adl-36-cam0-rgb.npz,121,180,0,0,0,0.016793368
adl-36-cam0-rgb,data/keypoints_ur/adl/adl-36-cam0-rgb.npz,136,195,0,0,0,0.019523619
adl-36-cam0-rgb,data/keypoints_ur/adl/adl-36-cam0-rgb.npz,151,210,0,0,0,0.012725728
adl-36-cam0-rgb,data/keypoints_ur/adl/adl-36-cam0-rgb.npz,166,225,0,0,0,0.012378096
adl-36-cam0-rgb,data/keypoints_ur/adl/adl-36-cam0-rgb.npz,181,240,0,0,0,0.011389118
adl-36-cam0-rgb,data/keypoints_ur/adl/adl-36-cam0-rgb.npz,196,255,0,0,0,0.011976142
adl-36-cam0-rgb,data/keypoints_ur/adl/adl-36-cam0-rgb.npz,211,270,0,0,0,0.010844315
adl-36-cam0-rgb,data/keypoints_ur/adl/adl-36-cam0-rgb.npz,226,285,0,0,0,0.010897404
adl-36-cam0-rgb,data/keypoints_ur/adl/adl-36-cam0-rgb.npz,241,300,0,0,0,0.010552719
adl-36-cam0-rgb,data/keypoints_ur/adl/adl-36-cam0-rgb.npz,256,315,0,0,0,0.0043864744
adl-36-cam0-rgb,data/keypoints_ur/adl/adl-36-cam0-rgb.npz,271,330,0,0,0,0.0038854254
adl-39-cam0-rgb,data/keypoints_ur/adl/adl-39-cam0-rgb.npz,1,60,0,0,0,1.6493284e-05
adl-39-cam0-rgb,data/keypoints_ur/adl/adl-39-cam0-rgb.npz,16,75,0,0,0,3.0453606e-05
adl-39-cam0-rgb,data/keypoints_ur/adl/adl-39-cam0-rgb.npz,31,90,0,0,0,3.021106e-05
adl-39-cam0-rgb,data/keypoints_ur/adl/adl-39-cam0-rgb.npz,46,105,0,0,0,3.1052066e-05
adl-39-cam0-rgb,data/keypoints_ur/adl/adl-39-cam0-rgb.npz,61,120,0,0,0,3.576915e-05
adl-39-cam0-rgb,data/keypoints_ur/adl/adl-39-cam0-rgb.npz,76,135,0,0,0,4.7910093e-05
adl-39-cam0-rgb,data/keypoints_ur/adl/adl-39-cam0-rgb.npz,91,150,0,0,0,5.9233786e-05
adl-39-cam0-rgb,data/keypoints_ur/adl/adl-39-cam0-rgb.npz,106,165,0,0,0,0.00013751216
adl-39-cam0-rgb,data/keypoints_ur/adl/adl-39-cam0-rgb.npz,121,180,0,0,0,4.6505655e-05
adl-39-cam0-rgb,data/keypoints_ur/adl/adl-39-cam0-rgb.npz,136,195,0,0,0,5.221355e-06
adl-39-cam0-rgb,data/keypoints_ur/adl/adl-39-cam0-rgb.npz,151,210,0,0,0,4.8671376e-07
adl-39-cam0-rgb,data/keypoints_ur/adl/adl-39-cam0-rgb.npz,166,225,0,0,0,6.364419e-08
adl-39-cam0-rgb,data/keypoints_ur/adl/adl-39-cam0-rgb.npz,181,240,0,0,0,5.0634164e-08
adl-39-cam0-rgb,data/keypoints_ur/adl/adl-39-cam0-rgb.npz,196,255,0,0,0,3.489317e-08
adl-39-cam0-rgb,data/keypoints_ur/adl/adl-39-cam0-rgb.npz,211,270,0,0,0,7.1306935e-08
fall-03-cam0-rgb,data/keypoints_ur/fall/fall-03-cam0-rgb.npz,1,60,0,0,0,0.0102123795
fall-03-cam0-rgb,data/keypoints_ur/fall/fall-03-cam0-rgb.npz,16,75,0,0,0,0.0069484133
fall-03-cam0-rgb,data/keypoints_ur/fall/fall-03-cam0-rgb.npz,31,90,0,0,0,0.0044716904
fall-03-cam0-rgb,data/keypoints_ur/fall/fall-03-cam0-rgb.npz,46,105,0,0,0,0.0036125565
fall-03-cam0-rgb,data/keypoints_ur/fall/fall-03-cam0-rgb.npz,61,120,0,0,0,0.0050810035
fall-03-cam0-rgb,data/keypoints_ur/fall/fall-03-cam0-rgb.npz,76,135,0,0,0,0.0055715917
fall-03-cam0-rgb,data/keypoints_ur/fall/fall-03-cam0-rgb.npz,121,180,1,1,1,0.96540624
fall-03-cam0-rgb,data/keypoints_ur/fall/fall-03-cam0-rgb.npz,136,195,1,1,1,0.9992939
fall-04-cam0-rgb,data/keypoints_ur/fall/fall-04-cam0-rgb.npz,1,60,1,1,1,0.99982613
fall-06-cam0-rgb,data/keypoints_ur/fall/fall-06-cam0-rgb.npz,1,60,1,1,1,0.9999819
fall-15-cam0-rgb,data/keypoints_ur/fall/fall-15-cam0-rgb.npz,1,60,1,1,1,0.9999994
adl-01-cam0-rgb,data/keypoints_ur/adl/adl-01-cam0-rgb.npz,1,60,0,0,0,0.0006154073
adl-01-cam0-rgb,data/keypoints_ur/adl/adl-01-cam0-rgb.npz,16,75,0,0,0,0.00031436962
adl-01-cam0-rgb,data/keypoints_ur/adl/adl-01-cam0-rgb.npz,31,90,0,0,0,0.0001554013
adl-01-cam0-rgb,data/keypoints_ur/adl/adl-01-cam0-rgb.npz,46,105,0,0,0,5.7220925e-05
adl-01-cam0-rgb,data/keypoints_ur/adl/adl-01-cam0-rgb.npz,61,120,0,0,0,3.3698736e-05
adl-01-cam0-rgb,data/keypoints_ur/adl/adl-01-cam0-rgb.npz,76,135,0,0,0,0.0001890511
adl-01-cam0-rgb,data/keypoints_ur/adl/adl-01-cam0-rgb.npz,91,150,0,0,0,0.00020491154
adl-12-cam0-rgb,data/keypoints_ur/adl/adl-12-cam0-rgb.npz,16,75,0,0,0,0.00030482945
adl-12-cam0-rgb,data/keypoints_ur/adl/adl-12-cam0-rgb.npz,31,90,0,0,0,0.00044245017
adl-12-cam0-rgb,data/keypoints_ur/adl/adl-12-cam0-rgb.npz,46,105,0,0,0,0.00051811186
adl-12-cam0-rgb,data/keypoints_ur/adl/adl-12-cam0-rgb.npz,61,120,0,0,0,0.0005464119
adl-12-cam0-rgb,data/keypoints_ur/adl/adl-12-cam0-rgb.npz,76,135,0,0,0,0.0003703594
adl-12-cam0-rgb,data/keypoints_ur/adl/adl-12-cam0-rgb.npz,91,150,0,0,0,0.00012190321
adl-12-cam0-rgb,data/keypoints_ur/adl/adl-12-cam0-rgb.npz,106,165,0,0,0,2.6372076e-05
adl-12-cam0-rgb,data/keypoints_ur/adl/adl-12-cam0-rgb.npz,121,180,0,0,0,3.5210156e-05
adl-12-cam0-rgb,data/keypoints_ur/adl/adl-12-cam0-rgb.npz,136,195,0,0,0,0.0004500663
adl-12-cam0-rgb,data/keypoints_ur/adl/adl-12-cam0-rgb.npz,151,210,0,0,0,0.00019074952
adl-12-cam0-rgb,data/keypoints_ur/adl/adl-12-cam0-rgb.npz,166,225,0,0,0,3.4051598e-05
adl-12-cam0-rgb,data/keypoints_ur/adl/adl-12-cam0-rgb.npz,181,240,0,0,0,1.3456178e-05
adl-13-cam0-rgb,data/keypoints_ur/adl/adl-13-cam0-rgb.npz,16,75,0,0,0,0.00029050576
adl-13-cam0-rgb,data/keypoints_ur/adl/adl-13-cam0-rgb.npz,31,90,0,0,0,0.00031749214
adl-13-cam0-rgb,data/keypoints_ur/adl/adl-13-cam0-rgb.npz,46,105,0,0,0,0.00048393372
adl-13-cam0-rgb,data/keypoints_ur/adl/adl-13-cam0-rgb.npz,61,120,0,0,0,0.00054557977
adl-13-cam0-rgb,data/keypoints_ur/adl/adl-13-cam0-rgb.npz,76,135,0,0,0,0.0003180032
adl-13-cam0-rgb,data/keypoints_ur/adl/adl-13-cam0-rgb.npz,91,150,0,0,0,0.000103059356
adl-13-cam0-rgb,data/keypoints_ur/adl/adl-13-cam0-rgb.npz,106,165,0,0,0,4.495761e-05
adl-13-cam0-rgb,data/keypoints_ur/adl/adl-13-cam0-rgb.npz,121,180,0,0,0,0.00010573282
adl-13-cam0-rgb,data/keypoints_ur/adl/adl-13-cam0-rgb.npz,136,195,0,0,0,0.00031948247
adl-13-cam0-rgb,data/keypoints_ur/adl/adl-13-cam0-rgb.npz,151,210,0,0,0,0.0002950851
adl-13-cam0-rgb,data/keypoints_ur/adl/adl-13-cam0-rgb.npz,166,225,0,0,0,0.00020492991
adl-13-cam0-rgb,data/keypoints_ur/adl/adl-13-cam0-rgb.npz,181,240,0,0,0,0.00016179276
adl-13-cam0-rgb,data/keypoints_ur/adl/adl-13-cam0-rgb.npz,196,255,0,0,0,0.00020718775
adl-16-cam0-rgb,data/keypoints_ur/adl/adl-16-cam0-rgb.npz,31,90,0,0,0,0.0003575289
adl-16-cam0-rgb,data/keypoints_ur/adl/adl-16-cam0-rgb.npz,46,105,0,0,0,0.00044381837
adl-16-cam0-rgb,data/keypoints_ur/adl/adl-16-cam0-rgb.npz,61,120,0,0,0,0.00044709566
adl-16-cam0-rgb,data/keypoints_ur/adl/adl-16-cam0-rgb.npz,76,135,0,0,0,0.00025596275
adl-16-cam0-rgb,data/keypoints_ur/adl/adl-16-cam0-rgb.npz,91,150,0,0,0,6.886603e-05
adl-16-cam0-rgb,data/keypoints_ur/adl/adl-16-cam0-rgb.npz,106,165,0,0,0,1.650984e-05
adl-16-cam0-rgb,data/keypoints_ur/adl/adl-16-cam0-rgb.npz,121,180,0,0,0,1.2182751e-05
adl-16-cam0-rgb,data/keypoints_ur/adl/adl-16-cam0-rgb.npz,136,195,0,0,0,2.241397e-05
adl-16-cam0-rgb,data/keypoints_ur/adl/adl-16-cam0-rgb.npz,151,210,0,0,0,4.144884e-05
adl-16-cam0-rgb,data/keypoints_ur/adl/adl-16-cam0-rgb.npz,166,225,0,0,0,6.7352514e-05
adl-16-cam0-rgb,data/keypoints_ur/adl/adl-16-cam0-rgb.npz,181,240,0,0,0,8.078031e-05
adl-26-cam0-rgb,data/keypoints_ur/adl/adl-26-cam0-rgb.npz,1,60,0,0,1,0.95706975
adl-26-cam0-rgb,data/keypoints_ur/adl/adl-26-cam0-rgb.npz,16,75,0,0,1,0.92146486
adl-26-cam0-rgb,data/keypoints_ur/adl/adl-26-cam0-rgb.npz,31,90,0,0,0,0.023999225
adl-34-cam0-rgb,data/keypoints_ur/adl/adl-34-cam0-rgb.npz,1,60,0,0,0,0.04863761
adl-34-cam0-rgb,data/keypoints_ur/adl/adl-34-cam0-rgb.npz,16,75,0,0,0,0.029089479
adl-34-cam0-rgb,data/keypoints_ur/adl/adl-34-cam0-rgb.npz,31,90,0,0,0,0.007234243
adl-34-cam0-rgb,data/keypoints_ur/adl/adl-34-cam0-rgb.npz,46,105,0,0,0,0.0039246986
adl-34-cam0-rgb,data/keypoints_ur/adl/adl-34-cam0-rgb.npz,61,120,0,0,0,0.0052396394
adl-34-cam0-rgb,data/keypoints_ur/adl/adl-34-cam0-rgb.npz,76,135,0,0,0,0.0030622096
adl-34-cam0-rgb,data/keypoints_ur/adl/adl-34-cam0-rgb.npz,91,150,0,0,0,0.0036545994
adl-34-cam0-rgb,data/keypoints_ur/adl/adl-34-cam0-rgb.npz,106,165,0,0,0,0.0035908204
adl-34-cam0-rgb,data/keypoints_ur/adl/adl-34-cam0-rgb.npz,121,180,0,0,0,0.0024992644
adl-35-cam0-rgb,data/keypoints_ur/adl/adl-35-cam0-rgb.npz,1,60,0,0,0,0.016782004
adl-35-cam0-rgb,data/keypoints_ur/adl/adl-35-cam0-rgb.npz,16,75,0,0,0,0.011559872
adl-35-cam0-rgb,data/keypoints_ur/adl/adl-35-cam0-rgb.npz,31,90,0,0,0,0.005702105
adl-35-cam0-rgb,data/keypoints_ur/adl/adl-35-cam0-rgb.npz,46,105,0,0,0,0.0049902094
adl-35-cam0-rgb,data/keypoints_ur/adl/adl-35-cam0-rgb.npz,61,120,0,0,0,0.004114712
adl-35-cam0-rgb,data/keypoints_ur/adl/adl-35-cam0-rgb.npz,76,135,0,0,0,0.0028215419
adl-35-cam0-rgb,data/keypoints_ur/adl/adl-35-cam0-rgb.npz,91,150,0,0,0,0.0009431825
adl-35-cam0-rgb,data/keypoints_ur/adl/adl-35-cam0-rgb.npz,106,165,0,0,0,0.0009793335
adl-35-cam0-rgb,data/keypoints_ur/adl/adl-35-cam0-rgb.npz,121,180,0,0,0,0.0012179856
adl-35-cam0-rgb,data/keypoints_ur/adl/adl-35-cam0-rgb.npz,136,195,0,0,0,0.0031156084
adl-35-cam0-rgb,data/keypoints_ur/adl/adl-35-cam0-rgb.npz,151,210,0,0,0,0.008294156
adl-35-cam0-rgb,data/keypoints_ur/adl/adl-35-cam0-rgb.npz,166,225,0,0,0,0.0096907
adl-35-cam0-rgb,data/keypoints_ur/adl/adl-35-cam0-rgb.npz,181,240,0,0,0,0.0109183565
adl-35-cam0-rgb,data/keypoints_ur/adl/adl-35-cam0-rgb.npz,196,255,0,0,0,0.014744885
adl-35-cam0-rgb,data/keypoints_ur/adl/adl-35-cam0-rgb.npz,211,270,0,0,0,0.018301662
adl-40-cam0-rgb,data/keypoints_ur/adl/adl-40-cam0-rgb.npz,16,75,0,0,0,0.00011329379
adl-40-cam0-rgb,data/keypoints_ur/adl/adl-40-cam0-rgb.npz,31,90,0,0,0,0.00016432548
adl-40-cam0-rgb,data/keypoints_ur/adl/adl-40-cam0-rgb.npz,46,105,0,0,0,0.00045544485
adl-40-cam0-rgb,data/keypoints_ur/adl/adl-40-cam0-rgb.npz,61,120,0,0,0,0.0006075664
adl-40-cam0-rgb,data/keypoints_ur/adl/adl-40-cam0-rgb.npz,76,135,0,0,0,0.0005535278
adl-40-cam0-rgb,data/keypoints_ur/adl/adl-40-cam0-rgb.npz,91,150,0,0,0,0.00049643987
adl-40-cam0-rgb,data/keypoints_ur/adl/adl-40-cam0-rgb.npz,106,165,0,0,0,0.00054172956
adl-40-cam0-rgb,data/keypoints_ur/adl/adl-40-cam0-rgb.npz,121,180,0,0,0,0.0006471743
adl-40-cam0-rgb,data/keypoints_ur/adl/adl-40-cam0-rgb.npz,136,195,0,0,0,0.00068321446
adl-40-cam0-rgb,data/keypoints_ur/adl/adl-40-cam0-rgb.npz,151,210,0,0,0,0.0006283162
adl-40-cam0-rgb,data/keypoints_ur/adl/adl-40-cam0-rgb.npz,166,225,0,0,0,0.00046893177
adl-40-cam0-rgb,data/keypoints_ur/adl/adl-40-cam0-rgb.npz,181,240,0,0,0,0.0003396181
adl-40-cam0-rgb,data/keypoints_ur/adl/adl-40-cam0-rgb.npz,196,255,0,0,0,0.0005052314
adl-40-cam0-rgb,data/keypoints_ur/adl/adl-40-cam0-rgb.npz,211,270,0,0,0,0.0004212009
adl-40-cam0-rgb,data/keypoints_ur/adl/adl-40-cam0-rgb.npz,226,285,0,0,0,0.0003032121
adl-40-cam0-rgb,data/keypoints_ur/adl/adl-40-cam0-rgb.npz,241,300,0,0,0,0.0002361534
adl-40-cam0-rgb,data/keypoints_ur/adl/adl-40-cam0-rgb.npz,256,315,0,0,0,0.00022944174
adl-40-cam0-rgb,data/keypoints_ur/adl/adl-40-cam0-rgb.npz,271,330,0,0,0,0.00016241828
fall-01-cam0-rgb,data/keypoints_ur/fall/fall-01-cam0-rgb.npz,1,60,0,0,0,0.0001316909
fall-01-cam0-rgb,data/keypoints_ur/fall/fall-01-cam0-rgb.npz,16,75,0,0,0,0.00011592387
fall-01-cam0-rgb,data/keypoints_ur/fall/fall-01-cam0-rgb.npz,61,120,1,1,1,0.9999784
fall-01-cam0-rgb,data/keypoints_ur/fall/fall-01-cam0-rgb.npz,76,135,1,1,1,0.999864
fall-02-cam0-rgb,data/keypoints_ur/fall/fall-02-cam0-rgb.npz,16,75,1,1,1,0.99998236
fall-02-cam0-rgb,data/keypoints_ur/fall/fall-02-cam0-rgb.npz,31,90,1,1,1,0.9999862
fall-13-cam0-rgb,data/keypoints_ur/fall/fall-13-cam0-rgb.npz,16,75,1,1,1,0.9999957
fall-20-cam0-rgb,data/keypoints_ur/fall/fall-20-cam0-rgb.npz,1,60,1,1,1,0.9979122
fall-20-cam0-rgb,data/keypoints_ur/fall/fall-20-cam0-rgb.npz,16,75,1,1,1,0.9985115
fall-28-cam0-rgb,data/keypoints_ur/fall/fall-28-cam0-rgb.npz,1,60,1,1,1,0.9999999
fall-30-cam0-rgb,data/keypoints_ur/fall/fall-30-cam0-rgb.npz,1,60,1,1,1,0.9999994
adl-04-cam0-rgb,data/keypoints_ur/adl/adl-04-cam0-rgb.npz,1,60,0,0,0,0.00024749842
adl-04-cam0-rgb,data/keypoints_ur/adl/adl-04-cam0-rgb.npz,16,75,0,0,0,7.2598574e-05
adl-04-cam0-rgb,data/keypoints_ur/adl/adl-04-cam0-rgb.npz,31,90,0,0,0,5.976966e-05
adl-04-cam0-rgb,data/keypoints_ur/adl/adl-04-cam0-rgb.npz,46,105,0,0,0,0.0010140961
adl-04-cam0-rgb,data/keypoints_ur/adl/adl-04-cam0-rgb.npz,61,120,0,0,0,0.0008149244
adl-04-cam0-rgb,data/keypoints_ur/adl/adl-04-cam0-rgb.npz,76,135,0,0,0,0.0001539493
adl-04-cam0-rgb,data/keypoints_ur/adl/adl-04-cam0-rgb.npz,91,150,0,0,0,4.6800484e-05
adl-07-cam0-rgb,data/keypoints_ur/adl/adl-07-cam0-rgb.npz,1,60,0,0,0,0.0005485656
adl-07-cam0-rgb,data/keypoints_ur/adl/adl-07-cam0-rgb.npz,16,75,0,0,0,0.0002153751
adl-07-cam0-rgb,data/keypoints_ur/adl/adl-07-cam0-rgb.npz,31,90,0,0,0,6.567893e-05
adl-07-cam0-rgb,data/keypoints_ur/adl/adl-07-cam0-rgb.npz,46,105,0,0,0,2.2006816e-05
adl-07-cam0-rgb,data/keypoints_ur/adl/adl-07-cam0-rgb.npz,61,120,0,0,0,1.05132085e-05
adl-07-cam0-rgb,data/keypoints_ur/adl/adl-07-cam0-rgb.npz,76,135,0,0,0,7.2184753e-06
adl-07-cam0-rgb,data/keypoints_ur/adl/adl-07-cam0-rgb.npz,91,150,0,0,0,5.3840677e-06
adl-07-cam0-rgb,data/keypoints_ur/adl/adl-07-cam0-rgb.npz,106,165,0,0,0,4.507631e-06
adl-07-cam0-rgb,data/keypoints_ur/adl/adl-07-cam0-rgb.npz,121,180,0,0,0,4.4380217e-06
adl-10-cam0-rgb,data/keypoints_ur/adl/adl-10-cam0-rgb.npz,1,60,0,0,0,0.0005527939
adl-10-cam0-rgb,data/keypoints_ur/adl/adl-10-cam0-rgb.npz,16,75,0,0,0,0.0002949768
adl-10-cam0-rgb,data/keypoints_ur/adl/adl-10-cam0-rgb.npz,31,90,0,0,0,0.00019903334
adl-10-cam0-rgb,data/keypoints_ur/adl/adl-10-cam0-rgb.npz,46,105,0,0,0,0.0001788824
adl-10-cam0-rgb,data/keypoints_ur/adl/adl-10-cam0-rgb.npz,61,120,0,0,0,0.00025653664
adl-10-cam0-rgb,data/keypoints_ur/adl/adl-10-cam0-rgb.npz,76,135,0,0,0,0.00053640775
adl-10-cam0-rgb,data/keypoints_ur/adl/adl-10-cam0-rgb.npz,91,150,0,0,0,0.001080219
adl-10-cam0-rgb,data/keypoints_ur/adl/adl-10-cam0-rgb.npz,106,165,0,0,0,0.0017125803
adl-10-cam0-rgb,data/keypoints_ur/adl/adl-10-cam0-rgb.npz,121,180,0,0,0,0.002436662
adl-10-cam0-rgb,data/keypoints_ur/adl/adl-10-cam0-rgb.npz,136,195,0,0,0,0.0033689826
adl-10-cam0-rgb,data/keypoints_ur/adl/adl-10-cam0-rgb.npz,151,210,0,0,0,0.0039989315
adl-10-cam0-rgb,data/keypoints_ur/adl/adl-10-cam0-rgb.npz,166,225,0,0,0,0.003810385
adl-10-cam0-rgb,data/keypoints_ur/adl/adl-10-cam0-rgb.npz,181,240,0,0,0,0.003532546
adl-10-cam0-rgb,data/keypoints_ur/adl/adl-10-cam0-rgb.npz,196,255,0,0,0,0.0032334311
adl-10-cam0-rgb,data/keypoints_ur/adl/adl-10-cam0-rgb.npz,211,270,0,0,0,0.0031083361
adl-10-cam0-rgb,data/keypoints_ur/adl/adl-10-cam0-rgb.npz,226,285,0,0,0,0.004171407
adl-10-cam0-rgb,data/keypoints_ur/adl/adl-10-cam0-rgb.npz,241,300,0,0,0,0.0032807742
adl-11-cam0-rgb,data/keypoints_ur/adl/adl-11-cam0-rgb.npz,1,60,0,0,0,0.00066068576
adl-11-cam0-rgb,data/keypoints_ur/adl/adl-11-cam0-rgb.npz,16,75,0,0,0,0.00039795748
adl-11-cam0-rgb,data/keypoints_ur/adl/adl-11-cam0-rgb.npz,31,90,0,0,0,0.00023622117
adl-11-cam0-rgb,data/keypoints_ur/adl/adl-11-cam0-rgb.npz,46,105,0,0,0,0.00018716765
adl-11-cam0-rgb,data/keypoints_ur/adl/adl-11-cam0-rgb.npz,61,120,0,0,0,0.00019362276
adl-11-cam0-rgb,data/keypoints_ur/adl/adl-11-cam0-rgb.npz,76,135,0,0,0,0.00026652846
adl-11-cam0-rgb,data/keypoints_ur/adl/adl-11-cam0-rgb.npz,91,150,0,0,0,0.00037572253
adl-11-cam0-rgb,data/keypoints_ur/adl/adl-11-cam0-rgb.npz,106,165,0,0,0,0.0005313271
adl-11-cam0-rgb,data/keypoints_ur/adl/adl-11-cam0-rgb.npz,121,180,0,0,0,0.0009513906
adl-11-cam0-rgb,data/keypoints_ur/adl/adl-11-cam0-rgb.npz,136,195,0,0,0,0.0021692489
adl-11-cam0-rgb,data/keypoints_ur/adl/adl-11-cam0-rgb.npz,151,210,0,0,0,0.0033901923
adl-11-cam0-rgb,data/keypoints_ur/adl/adl-11-cam0-rgb.npz,166,225,0,0,0,0.004000721
adl-11-cam0-rgb,data/keypoints_ur/adl/adl-11-cam0-rgb.npz,181,240,0,0,0,0.0037521934
adl-11-cam0-rgb,data/keypoints_ur/adl/adl-11-cam0-rgb.npz,196,255,0,0,0,0.0033848912
adl-11-cam0-rgb,data/keypoints_ur/adl/adl-11-cam0-rgb.npz,211,270,0,0,0,0.003053678
adl-11-cam0-rgb,data/keypoints_ur/adl/adl-11-cam0-rgb.npz,226,285,0,0,0,0.002991812
adl-11-cam0-rgb,data/keypoints_ur/adl/adl-11-cam0-rgb.npz,241,300,0,0,0,0.0030630704
adl-17-cam0-rgb,data/keypoints_ur/adl/adl-17-cam0-rgb.npz,16,75,0,0,0,5.8892187e-05
adl-17-cam0-rgb,data/keypoints_ur/adl/adl-17-cam0-rgb.npz,31,90,0,0,0,6.391978e-05
adl-17-cam0-rgb,data/keypoints_ur/adl/adl-17-cam0-rgb.npz,46,105,0,0,0,6.0970062e-05
adl-17-cam0-rgb,data/keypoints_ur/adl/adl-17-cam0-rgb.npz,61,120,0,0,0,8.869323e-05
adl-17-cam0-rgb,data/keypoints_ur/adl/adl-17-cam0-rgb.npz,76,135,0,0,0,0.00011510458
adl-17-cam0-rgb,data/keypoints_ur/adl/adl-17-cam0-rgb.npz,91,150,0,0,0,0.0001646828
adl-17-cam0-rgb,data/keypoints_ur/adl/adl-17-cam0-rgb.npz,106,165,0,0,0,0.00033042414
adl-17-cam0-rgb,data/keypoints_ur/adl/adl-17-cam0-rgb.npz,121,180,0,0,0,0.0036609771
adl-17-cam0-rgb,data/keypoints_ur/adl/adl-17-cam0-rgb.npz,136,195,0,0,0,0.0020255751
adl-17-cam0-rgb,data/keypoints_ur/adl/adl-17-cam0-rgb.npz,151,210,0,0,0,0.0017325628
adl-17-cam0-rgb,data/keypoints_ur/adl/adl-17-cam0-rgb.npz,166,225,0,0,0,0.0015793128
adl-19-cam0-rgb,data/keypoints_ur/adl/adl-19-cam0-rgb.npz,31,90,0,0,0,5.9672835e-05
adl-19-cam0-rgb,data/keypoints_ur/adl/adl-19-cam0-rgb.npz,46,105,0,0,0,6.540667e-05
adl-19-cam0-rgb,data/keypoints_ur/adl/adl-19-cam0-rgb.npz,61,120,0,0,0,8.740618e-05
adl-19-cam0-rgb,data/keypoints_ur/adl/adl-19-cam0-rgb.npz,76,135,0,0,0,8.653133e-05
adl-19-cam0-rgb,data/keypoints_ur/adl/adl-19-cam0-rgb.npz,91,150,0,0,0,8.293081e-05
adl-19-cam0-rgb,data/keypoints_ur/adl/adl-19-cam0-rgb.npz,106,165,0,0,0,8.183547e-05
adl-19-cam0-rgb,data/keypoints_ur/adl/adl-19-cam0-rgb.npz,121,180,0,0,0,6.9587964e-05
adl-19-cam0-rgb,data/keypoints_ur/adl/adl-19-cam0-rgb.npz,136,195,0,0,0,8.511957e-05
adl-19-cam0-rgb,data/keypoints_ur/adl/adl-19-cam0-rgb.npz,151,210,0,0,0,9.083115e-05
adl-19-cam0-rgb,data/keypoints_ur/adl/adl-19-cam0-rgb.npz,166,225,0,0,0,0.00012923058
adl-19-cam0-rgb,data/keypoints_ur/adl/adl-19-cam0-rgb.npz,181,240,0,0,0,0.00016301175
adl-20-cam0-rgb,data/keypoints_ur/adl/adl-20-cam0-rgb.npz,31,90,0,0,0,4.085022e-05
adl-20-cam0-rgb,data/keypoints_ur/adl/adl-20-cam0-rgb.npz,46,105,0,0,0,5.9803857e-05
adl-20-cam0-rgb,data/keypoints_ur/adl/adl-20-cam0-rgb.npz,61,120,0,0,0,7.0616916e-05
adl-20-cam0-rgb,data/keypoints_ur/adl/adl-20-cam0-rgb.npz,76,135,0,0,0,0.00010438658
adl-20-cam0-rgb,data/keypoints_ur/adl/adl-20-cam0-rgb.npz,91,150,0,0,0,0.00012991496
adl-20-cam0-rgb,data/keypoints_ur/adl/adl-20-cam0-rgb.npz,106,165,0,0,0,8.861646e-05
adl-20-cam0-rgb,data/keypoints_ur/adl/adl-20-cam0-rgb.npz,121,180,0,0,0,3.4233934e-05
adl-20-cam0-rgb,data/keypoints_ur/adl/adl-20-cam0-rgb.npz,136,195,0,0,0,1.6084972e-05
adl-20-cam0-rgb,data/keypoints_ur/adl/adl-20-cam0-rgb.npz,151,210,0,0,0,2.4928831e-05
adl-20-cam0-rgb,data/keypoints_ur/adl/adl-20-cam0-rgb.npz,166,225,0,0,0,6.3551335e-05
adl-20-cam0-rgb,data/keypoints_ur/adl/adl-20-cam0-rgb.npz,181,240,0,0,0,0.00014142213
adl-20-cam0-rgb,data/keypoints_ur/adl/adl-20-cam0-rgb.npz,196,255,0,0,0,0.00023966127
adl-20-cam0-rgb,data/keypoints_ur/adl/adl-20-cam0-rgb.npz,211,270,0,0,0,0.0005435046
adl-27-cam0-rgb,data/keypoints_ur/adl/adl-27-cam0-rgb.npz,1,60,0,0,0,4.723338e-06
adl-27-cam0-rgb,data/keypoints_ur/adl/adl-27-cam0-rgb.npz,16,75,0,0,0,3.871202e-06
adl-27-cam0-rgb,data/keypoints_ur/adl/adl-27-cam0-rgb.npz,31,90,0,0,0,3.719368e-06
fall-05-cam0-rgb,data/keypoints_ur/fall/fall-05-cam0-rgb.npz,1,60,0,0,0,3.406043e-05
fall-05-cam0-rgb,data/keypoints_ur/fall/fall-05-cam0-rgb.npz,16,75,0,0,0,1.49278e-05
fall-05-cam0-rgb,data/keypoints_ur/fall/fall-05-cam0-rgb.npz,61,120,1,1,1,0.9970337
fall-05-cam0-rgb,data/keypoints_ur/fall/fall-05-cam0-rgb.npz,76,135,1,1,1,0.999493
fall-08-cam0-rgb,data/keypoints_ur/fall/fall-08-cam0-rgb.npz,1,60,1,1,1,0.99984014
fall-08-cam0-rgb,data/keypoints_ur/fall/fall-08-cam0-rgb.npz,16,75,1,1,1,0.9999522
fall-18-cam0-rgb,data/keypoints_ur/fall/fall-18-cam0-rgb.npz,1,60,1,1,1,0.99998975
fall-19-cam0-rgb,data/keypoints_ur/fall/fall-19-cam0-rgb.npz,1,60,1,1,1,0.99886334
fall-19-cam0-rgb,data/keypoints_ur/fall/fall-19-cam0-rgb.npz,16,75,1,1,1,0.9999099
fall-26-cam0-rgb,data/keypoints_ur/fall/fall-26-cam0-rgb.npz,1,60,1,1,1,0.9999969
fall-29-cam0-rgb,data/keypoints_ur/fall/fall-29-cam0-rgb.npz,31,90,1,1,1,0.99999547
adl-03-cam0-rgb,data/keypoints_ur/adl/adl-03-cam0-rgb.npz,1,60,0,0,0,0.00075592665
adl-03-cam0-rgb,data/keypoints_ur/adl/adl-03-cam0-rgb.npz,16,75,0,0,0,0.0003190965
adl-03-cam0-rgb,data/keypoints_ur/adl/adl-03-cam0-rgb.npz,31,90,0,0,0,0.00019168282
adl-03-cam0-rgb,data/keypoints_ur/adl/adl-03-cam0-rgb.npz,46,105,0,0,0,0.002031051
adl-03-cam0-rgb,data/keypoints_ur/adl/adl-03-cam0-rgb.npz,61,120,0,0,0,0.019484695
adl-03-cam0-rgb,data/keypoints_ur/adl/adl-03-cam0-rgb.npz,76,135,0,0,0,0.004522275
adl-03-cam0-rgb,data/keypoints_ur/adl/adl-03-cam0-rgb.npz,91,150,0,0,0,9.331564e-05
adl-03-cam0-rgb,data/keypoints_ur/adl/adl-03-cam0-rgb.npz,106,165,0,0,0,3.6913094e-05
adl-03-cam0-rgb,data/keypoints_ur/adl/adl-03-cam0-rgb.npz,121,180,0,0,0,3.433064e-05
adl-05-cam0-rgb,data/keypoints_ur/adl/adl-05-cam0-rgb.npz,1,60,0,0,0,0.000717339
adl-05-cam0-rgb,data/keypoints_ur/adl/adl-05-cam0-rgb.npz,16,75,0,0,0,0.00035399647
adl-05-cam0-rgb,data/keypoints_ur/adl/adl-05-cam0-rgb.npz,31,90,0,0,0,0.00018120631
adl-05-cam0-rgb,data/keypoints_ur/adl/adl-05-cam0-rgb.npz,46,105,0,0,0,0.00013635491
adl-05-cam0-rgb,data/keypoints_ur/adl/adl-05-cam0-rgb.npz,61,120,0,0,0,0.00022454756
adl-05-cam0-rgb,data/keypoints_ur/adl/adl-05-cam0-rgb.npz,76,135,0,0,0,0.00043563262
adl-05-cam0-rgb,data/keypoints_ur/adl/adl-05-cam0-rgb.npz,91,150,0,0,0,0.0007840734
adl-05-cam0-rgb,data/keypoints_ur/adl/adl-05-cam0-rgb.npz,106,165,0,0,0,0.0007253139
adl-05-cam0-rgb,data/keypoints_ur/adl/adl-05-cam0-rgb.npz,121,180,0,0,0,0.000472437
adl-14-cam0-rgb,data/keypoints_ur/adl/adl-14-cam0-rgb.npz,16,75,0,0,0,0.0001458851
adl-14-cam0-rgb,data/keypoints_ur/adl/adl-14-cam0-rgb.npz,31,90,0,0,0,0.0001681532
adl-14-cam0-rgb,data/keypoints_ur/adl/adl-14-cam0-rgb.npz,46,105,0,0,0,0.00014409324
adl-14-cam0-rgb,data/keypoints_ur/adl/adl-14-cam0-rgb.npz,61,120,0,0,0,0.00022430856
adl-14-cam0-rgb,data/keypoints_ur/adl/adl-14-cam0-rgb.npz,76,135,0,0,0,0.00034062867
adl-14-cam0-rgb,data/keypoints_ur/adl/adl-14-cam0-rgb.npz,91,150,0,0,0,0.00047706897
adl-14-cam0-rgb,data/keypoints_ur/adl/adl-14-cam0-rgb.npz,106,165,0,0,0,0.00068994577
adl-14-cam0-rgb,data/keypoints_ur/adl/adl-14-cam0-rgb.npz,121,180,0,0,0,0.020358713
adl-14-cam0-rgb,data/keypoints_ur/adl/adl-14-cam0-rgb.npz,136,195,0,0,0,0.012583918
adl-14-cam0-rgb,data/keypoints_ur/adl/adl-14-cam0-rgb.npz,151,210,0,0,0,0.0011051686
adl-14-cam0-rgb,data/keypoints_ur/adl/adl-14-cam0-rgb.npz,166,225,0,0,0,0.0002316334
adl-21-cam0-rgb,data/keypoints_ur/adl/adl-21-cam0-rgb.npz,31,90,0,0,0,0.00018612403
adl-21-cam0-rgb,data/keypoints_ur/adl/adl-21-cam0-rgb.npz,46,105,0,0,0,0.00014026677
adl-21-cam0-rgb,data/keypoints_ur/adl/adl-21-cam0-rgb.npz,61,120,0,0,0,0.00019623336
adl-21-cam0-rgb,data/keypoints_ur/adl/adl-21-cam0-rgb.npz,76,135,0,0,0,0.00027700383
adl-21-cam0-rgb,data/keypoints_ur/adl/adl-21-cam0-rgb.npz,91,150,0,0,0,0.00029537137
adl-21-cam0-rgb,data/keypoints_ur/adl/adl-21-cam0-rgb.npz,106,165,0,0,0,0.00016146357
adl-21-cam0-rgb,data/keypoints_ur/adl/adl-21-cam0-rgb.npz,121,180,0,0,0,0.00010540002
adl-21-cam0-rgb,data/keypoints_ur/adl/adl-21-cam0-rgb.npz,136,195,0,0,0,0.00012613939
adl-21-cam0-rgb,data/keypoints_ur/adl/adl-21-cam0-rgb.npz,151,210,0,0,0,0.00014908335
adl-21-cam0-rgb,data/keypoints_ur/adl/adl-21-cam0-rgb.npz,166,225,0,0,0,0.00018788913
adl-21-cam0-rgb,data/keypoints_ur/adl/adl-21-cam0-rgb.npz,181,240,0,0,0,0.0002433073
adl-21-cam0-rgb,data/keypoints_ur/adl/adl-21-cam0-rgb.npz,196,255,0,0,0,0.00031065196
adl-21-cam0-rgb,data/keypoints_ur/adl/adl-21-cam0-rgb.npz,211,270,0,0,0,0.00035403835
adl-24-cam0-rgb,data/keypoints_ur/adl/adl-24-cam0-rgb.npz,1,60,0,0,0,0.0048514474
adl-32-cam0-rgb,data/keypoints_ur/adl/adl-32-cam0-rgb.npz,1,60,0,0,0,0.0045474907
adl-32-cam0-rgb,data/keypoints_ur/adl/adl-32-cam0-rgb.npz,16,75,0,0,0,0.0044612633
adl-32-cam0-rgb,data/keypoints_ur/adl/adl-32-cam0-rgb.npz,31,90,0,0,0,0.0060892687
adl-32-cam0-rgb,data/keypoints_ur/adl/adl-32-cam0-rgb.npz,46,105,0,0,0,0.02491969
adl-32-cam0-rgb,data/keypoints_ur/adl/adl-32-cam0-rgb.npz,61,120,0,0,0,0.03401374
adl-32-cam0-rgb,data/keypoints_ur/adl/adl-32-cam0-rgb.npz,76,135,0,0,0,0.007850467
adl-32-cam0-rgb,data/keypoints_ur/adl/adl-32-cam0-rgb.npz,91,150,0,0,0,0.013250452
adl-32-cam0-rgb,data/keypoints_ur/adl/adl-32-cam0-rgb.npz,106,165,0,0,0,0.005766334
adl-32-cam0-rgb,data/keypoints_ur/adl/adl-32-cam0-rgb.npz,121,180,0,0,0,0.0024745832
adl-32-cam0-rgb,data/keypoints_ur/adl/adl-32-cam0-rgb.npz,136,195,0,0,0,0.0023419857
adl-37-cam0-rgb,data/keypoints_ur/adl/adl-37-cam0-rgb.npz,1,60,0,0,0,0.00031702666
adl-37-cam0-rgb,data/keypoints_ur/adl/adl-37-cam0-rgb.npz,16,75,0,0,0,0.00032155518
adl-37-cam0-rgb,data/keypoints_ur/adl/adl-37-cam0-rgb.npz,31,90,0,0,0,0.0003342926
adl-37-cam0-rgb,data/keypoints_ur/adl/adl-37-cam0-rgb.npz,46,105,0,0,0,0.00042283285
adl-37-cam0-rgb,data/keypoints_ur/adl/adl-37-cam0-rgb.npz,61,120,0,0,0,0.0004397004
adl-37-cam0-rgb,data/keypoints_ur/adl/adl-37-cam0-rgb.npz,76,135,0,0,0,0.00039000428
adl-37-cam0-rgb,data/keypoints_ur/adl/adl-37-cam0-rgb.npz,91,150,0,0,0,0.00028219438
adl-37-cam0-rgb,data/keypoints_ur/adl/adl-37-cam0-rgb.npz,106,165,0,0,0,0.00022556445
adl-37-cam0-rgb,data/keypoints_ur/adl/adl-37-cam0-rgb.npz,121,180,0,0,0,0.00020399899
adl-37-cam0-rgb,data/keypoints_ur/adl/adl-37-cam0-rgb.npz,136,195,0,0,0,0.00024369944
adl-37-cam0-rgb,data/keypoints_ur/adl/adl-37-cam0-rgb.npz,151,210,0,0,0,0.0003301175
adl-37-cam0-rgb,data/keypoints_ur/adl/adl-37-cam0-rgb.npz,166,225,0,0,0,0.0022761964
adl-37-cam0-rgb,data/keypoints_ur/adl/adl-37-cam0-rgb.npz,181,240,0,0,0,0.006958505
adl-37-cam0-rgb,data/keypoints_ur/adl/adl-37-cam0-rgb.npz,196,255,0,0,0,0.009628514
adl-37-cam0-rgb,data/keypoints_ur/adl/adl-37-cam0-rgb.npz,211,270,0,0,0,0.0027928967
adl-37-cam0-rgb,data/keypoints_ur/adl/adl-37-cam0-rgb.npz,226,285,0,0,0,0.002620039
adl-37-cam0-rgb,data/keypoints_ur/adl/adl-37-cam0-rgb.npz,241,300,0,0,0,0.0016215161
adl-37-cam0-rgb,data/keypoints_ur/adl/adl-37-cam0-rgb.npz,256,315,0,0,0,0.0009667299
adl-37-cam0-rgb,data/keypoints_ur/adl/adl-37-cam0-rgb.npz,271,330,0,0,0,0.00096514425
adl-37-cam0-rgb,data/keypoints_ur/adl/adl-37-cam0-rgb.npz,286,345,0,0,0,0.0009052055
adl-38-cam0-rgb,data/keypoints_ur/adl/adl-38-cam0-rgb.npz,1,60,0,0,0,0.0002884238
adl-38-cam0-rgb,data/keypoints_ur/adl/adl-38-cam0-rgb.npz,16,75,0,0,0,0.0002787771
adl-38-cam0-rgb,data/keypoints_ur/adl/adl-38-cam0-rgb.npz,31,90,0,0,0,0.000295395
adl-38-cam0-rgb,data/keypoints_ur/adl/adl-38-cam0-rgb.npz,46,105,0,0,0,0.0003668545
adl-38-cam0-rgb,data/keypoints_ur/adl/adl-38-cam0-rgb.npz,61,120,0,0,0,0.0004218531
adl-38-cam0-rgb,data/keypoints_ur/adl/adl-38-cam0-rgb.npz,76,135,0,0,0,0.00036914207
adl-38-cam0-rgb,data/keypoints_ur/adl/adl-38-cam0-rgb.npz,91,150,0,0,0,0.00031984513
adl-38-cam0-rgb,data/keypoints_ur/adl/adl-38-cam0-rgb.npz,106,165,0,0,0,8.770767e-05
adl-38-cam0-rgb,data/keypoints_ur/adl/adl-38-cam0-rgb.npz,121,180,0,0,0,1.2030053e-05
adl-38-cam0-rgb,data/keypoints_ur/adl/adl-38-cam0-rgb.npz,136,195,0,0,0,2.2388151e-06
adl-38-cam0-rgb,data/keypoints_ur/adl/adl-38-cam0-rgb.npz,151,210,0,0,0,8.3533047e-07
adl-38-cam0-rgb,data/keypoints_ur/adl/adl-38-cam0-rgb.npz,166,225,0,0,0,1.0060991e-06
adl-38-cam0-rgb,data/keypoints_ur/adl/adl-38-cam0-rgb.npz,181,240,0,0,0,4.989372e-07
adl-38-cam0-rgb,data/keypoints_ur/adl/adl-38-cam0-rgb.npz,196,255,0,0,0,3.893766e-07
fall-07-cam0-rgb,data/keypoints_ur/fall/fall-07-cam0-rgb.npz,1,60,0,0,0,0.00019367466
fall-07-cam0-rgb,data/keypoints_ur/fall/fall-07-cam0-rgb.npz,16,75,0,0,0,0.0001855011
fall-07-cam0-rgb,data/keypoints_ur/fall/fall-07-cam0-rgb.npz,61,120,1,1,1,0.99872345
fall-07-cam0-rgb,data/keypoints_ur/fall/fall-07-cam0-rgb.npz,76,135,1,1,1,0.9913981
fall-11-cam0-rgb,data/keypoints_ur/fall/fall-11-cam0-rgb.npz,31,90,1,1,1,0.9987104
fall-11-cam0-rgb,data/keypoints_ur/fall/fall-11-cam0-rgb.npz,46,105,1,1,1,0.9028783
fall-12-cam0-rgb,data/keypoints_ur/fall/fall-12-cam0-rgb.npz,1,60,1,1,1,0.99555236
fall-12-cam0-rgb,data/keypoints_ur/fall/fall-12-cam0-rgb.npz,16,75,1,1,1,0.99544865
fall-23-cam0-rgb,data/keypoints_ur/fall/fall-23-cam0-rgb.npz,1,60,1,1,1,0.998195
fall-23-cam0-rgb,data/keypoints_ur/fall/fall-23-cam0-rgb.npz,16,75,1,1,1,0.9988475
fall-24-cam0-rgb,data/keypoints_ur/fall/fall-24-cam0-rgb.npz,1,60,1,1,1,0.99871457
fall-27-cam0-rgb,data/keypoints_ur/fall/fall-27-cam0-rgb.npz,31,90,1,1,1,0.9974251
