rank,feature,importance
1,t42_kp18_y,0.01667608
2,t43_kp16_y,0.01483116
3,t40_kp20_y,0.01428618
4,t40_kp16_y,0.01402312
5,t42_kp20_y,0.01272503
6,t42_kp13_y,0.01246135
7,t43_kp20_y,0.01183048
8,t44_kp16_y,0.01182519
9,t41_kp22_y,0.01132020
10,t41_kp18_y,0.01122811
11,t44_kp11_y,0.00996956
12,t38_kp15_y,0.00981234
13,t40_kp13_y,0.00948724
14,t43_kp13_y,0.00885922
15,t43_kp11_y,0.00853533
16,t44_kp22_y,0.00845816
17,t44_kp23_y,0.00830461
18,t42_kp22_y,0.00807447
19,t41_kp16_y,0.00775528
20,t41_kp13_y,0.00772796
21,t38_kp19_y,0.00750728
22,t38_kp17_y,0.00749155
23,t39_kp16_y,0.00730039
24,t37_kp19_y,0.00724338
25,t44_kp20_y,0.00704410
26,t37_kp21_y,0.00650512
27,t44_kp18_y,0.00642198
28,t41_kp11_y,0.00641394
29,t41_kp20_y,0.00628482
30,t38_kp13_y,0.00620413
31,t37_kp13_y,0.00613672
32,t43_kp23_y,0.00612165
33,t40_kp17_y,0.00612161
34,t41_kp15_y,0.00609364
35,t42_kp12_y,0.00602922
36,t36_kp21_y,0.00589270
37,t38_kp21_y,0.00586876
38,t39_kp18_y,0.00581306
39,t44_kp12_y,0.00548285
40,t43_kp18_y,0.00527344
41,t37_kp16_y,0.00514023
42,t42_kp23_y,0.00500718
43,t40_kp18_y,0.00491838
44,t40_kp22_y,0.00489994
45,t43_kp24_y,0.00480176
46,t36_kp22_y,0.00469538
47,t39_kp22_y,0.00456027
48,t01_kp03_y,0.00450918
49,t02_kp02_y,0.00447144
50,t44_kp15_y,0.00430847
51,t02_kp05_y,0.00428452
52,t42_kp11_y,0.00416321
53,t40_kp02_y,0.00413252
54,t01_kp00_y,0.00411520
55,t37_kp15_y,0.00405829
56,t36_kp15_y,0.00383477
57,t39_kp21_y,0.00378741
58,t00_kp05_y,0.00377665
59,t37_kp22_y,0.00367796
60,t39_kp15_y,0.00363263
61,t02_kp07_y,0.00363128
62,t40_kp21_y,0.00359864
63,t36_kp19_y,0.00359589
64,t41_kp03_y,0.00351976
65,t38_kp23_y,0.00348480
66,t39_kp20_y,0.00346506
67,t40_kp15_y,0.00345222
68,t43_kp07_y,0.00343706
69,t36_kp13_y,0.00337342
70,t35_kp16_y,0.00331144
71,t38_kp18_y,0.00330286
72,t42_kp00_y,0.00327384
73,t42_kp24_y,0.00319702
74,t40_kp09_y,0.00319492
75,t42_kp15_y,0.00316467
76,t06_kp01_y,0.00315147
77,t00_kp12_y,0.00313513
78,t43_kp15_y,0.00305632
79,t43_kp21_y,0.00302414
80,t01_kp09_y,0.00295784
81,t42_kp19_y,0.00291565
82,t03_kp12_y,0.00290844
83,t00_kp10_y,0.00288558
84,t02_kp03_y,0.00286853
85,t00_kp01_y,0.00285566
86,t44_kp24_y,0.00280630
87,t42_kp16_y,0.00279739
88,t42_kp17_y,0.00279559
89,t44_kp13_y,0.00271944
90,t39_kp13_y,0.00271357
91,t04_kp04_y,0.00270781
92,t43_kp05_y,0.00270045
93,t03_kp04_y,0.00269537
94,t42_kp07_y,0.00266812
95,t03_kp08_y,0.00260042
96,t04_kp06_y,0.00259539
97,t35_kp19_y,0.00259428
98,t01_kp10_y,0.00259341
99,t00_kp04_y,0.00256607
100,t02_kp10_y,0.00256121
101,t37_kp17_y,0.00253691
102,t05_kp03_y,0.00251115
103,t39_kp19_y,0.00250126
104,t06_kp05_y,0.00249430
105,t38_kp20_y,0.00247826
106,t43_kp06_y,0.00244909
107,t00_kp07_y,0.00244428
108,t38_kp16_y,0.00243743
109,t41_kp09_y,0.00242869
110,t05_kp07_y,0.00241843
111,t41_kp06_y,0.00238250
112,t38_kp22_y,0.00236715
113,t42_kp04_y,0.00236039
114,t43_kp01_y,0.00230279
115,t02_kp12_y,0.00229724
116,t39_kp23_y,0.00228618
117,t41_kp10_y,0.00227205
118,t06_kp03_y,0.00227175
119,t43_kp19_y,0.00223184
120,t41_kp04_y,0.00223044
121,t36_kp20_y,0.00222830
122,t42_kp10_y,0.00220740
123,t41_kp17_y,0.00220340
124,t40_kp03_y,0.00219459
125,t41_kp07_y,0.00219417
126,t06_kp07_y,0.00217774
127,t12_kp08_y,0.00216168
128,t40_kp19_y,0.00215270
129,t34_kp13_y,0.00214446
130,t03_kp06_y,0.00212744
131,t39_kp17_y,0.00208555
132,t37_kp09_y,0.00207618
133,t44_kp05_y,0.00206755
134,t00_kp06_y,0.00206087
135,t35_kp18_y,0.00203845
136,t39_kp01_y,0.00203305
137,t43_kp22_y,0.00201413
138,t02_kp04_y,0.00200122
139,t04_kp12_y,0.00198131
140,t11_kp06_y,0.00195705
141,t00_kp09_y,0.00195267
142,t01_kp12_y,0.00194534
143,t00_kp03_y,0.00194367
144,t06_kp12_y,0.00192907
145,t06_kp00_y,0.00191635
146,t01_kp07_y,0.00188722
147,t01_kp11_y,0.00184936
148,t06_kp04_y,0.00179849
149,t00_kp02_y,0.00179693
150,t05_kp04_y,0.00179002
151,t01_kp02_y,0.00171055
152,t01_kp06_y,0.00164719
153,t41_kp21_y,0.00163311
154,t43_kp12_y,0.00162478
155,t43_kp17_y,0.00159539
156,t05_kp06_y,0.00159247
157,t44_kp21_x,0.00158146
158,t02_kp01_y,0.00157875
159,t06_kp10_y,0.00154005
160,t40_kp21_x,0.00153297
161,t44_kp17_y,0.00152880
162,t42_kp09_y,0.00152473
163,t07_kp09_y,0.00151032
164,t03_kp05_y,0.00151028
165,t07_kp04_y,0.00151009
166,t09_kp12_y,0.00150896
167,t44_kp19_y,0.00148582
168,t00_kp08_y,0.00148377
169,t43_kp02_y,0.00147788
170,t06_kp06_y,0.00147755
171,t42_kp21_x,0.00147737
172,t43_kp01_x,0.00147302
173,t06_kp20_y,0.00146056
174,t01_kp08_y,0.00145567
175,t04_kp10_y,0.00145431
176,t39_kp20_x,0.00144954
177,t00_kp00_y,0.00143091
178,t07_kp02_y,0.00142941
179,t01_kp05_y,0.00142570
180,t41_kp12_y,0.00142320
181,t03_kp02_y,0.00141609
182,t08_kp08_y,0.00140172
183,t08_kp20_y,0.00138270
184,t43_kp03_y,0.00137521
185,t05_kp08_y,0.00135686
186,t04_kp08_y,0.00133174
187,t04_kp22_y,0.00132499
188,t05_kp10_y,0.00131391
189,t43_kp09_y,0.00129193
190,t43_kp06_x,0.00128647
191,t40_kp10_y,0.00125294
192,t40_kp11_y,0.00124130
193,t44_kp07_y,0.00123133
194,t41_kp19_y,0.00122936
195,t38_kp11_y,0.00121986
196,t34_kp19_y,0.00121776
197,t36_kp09_y,0.00121229
198,t38_kp22_x,0.00120270
199,t36_kp17_y,0.00119306
200,t35_kp15_y,0.00119105
201,t42_kp05_y,0.00118983
202,t42_kp01_y,0.00118270
203,t34_kp22_y,0.00117796
204,t38_kp08_y,0.00117598
205,t41_kp24_y,0.00117316
206,t09_kp03_y,0.00117158
207,t41_kp17_x,0.00116937
208,t36_kp12_y,0.00116402
209,t35_kp22_y,0.00115589
210,t44_kp03_y,0.00115188
211,t39_kp03_y,0.00114706
212,t44_kp00_y,0.00114076
213,t34_kp21_y,0.00113831
214,t11_kp24_y,0.00113465
215,t40_kp12_y,0.00112347
216,t43_kp08_y,0.00112245
217,t35_kp09_y,0.00111732
218,t34_kp16_y,0.00111306
219,t33_kp19_y,0.00110880
220,t33_kp15_y,0.00110864
221,t33_kp19_x,0.00109835
222,t43_kp00_y,0.00109632
223,t33_kp13_y,0.00109451
224,t37_kp20_y,0.00109410
225,t35_kp17_y,0.00108806
226,t13_kp08_y,0.00108449
227,t44_kp09_y,0.00106978
228,t33_kp17_y,0.00106865
229,t41_kp05_y,0.00106832
230,t40_kp06_y,0.00106805
231,t38_kp12_y,0.00106661
232,t41_kp00_y,0.00105933
233,t44_kp10_y,0.00105341
234,t32_kp17_y,0.00105212
235,t31_kp21_y,0.00105183
236,t33_kp20_y,0.00104101
237,t09_kp24_y,0.00102810
238,t32_kp19_y,0.00101866
239,t04_kp09_y,0.00101859
240,t05_kp09_y,0.00100689
241,t15_kp14_y,0.00100400
242,t05_kp12_y,0.00100365
243,t35_kp13_y,0.00100001
244,t03_kp07_y,0.00099519
245,t10_kp07_y,0.00099458
246,t04_kp07_y,0.00098844
247,t11_kp12_y,0.00098558
248,t31_kp19_y,0.00098294
249,t03_kp00_y,0.00097680
250,t02_kp09_y,0.00097460
251,t35_kp10_y,0.00097037
252,t32_kp13_y,0.00096867
253,t38_kp00_y,0.00096407
254,t31_kp17_y,0.00096060
255,t26_kp25_y,0.00095679
256,t06_kp02_y,0.00095404
257,t44_kp11_x,0.00095389
258,t33_kp24_y,0.00095063
259,t04_kp02_y,0.00094807
260,t08_kp07_y,0.00093384
261,t07_kp08_y,0.00093373
262,t03_kp22_y,0.00093274
263,t41_kp07_x,0.00093221
264,t43_kp21_x,0.00092594
265,t06_kp22_y,0.00092019
266,t44_kp10_x,0.00091399
267,t07_kp03_y,0.00091298
268,t01_kp04_y,0.00090991
269,t08_kp18_y,0.00090771
270,t00_kp11_y,0.00090633
271,t43_kp04_x,0.00089181
272,t10_kp12_y,0.00089046
273,t03_kp11_y,0.00088939
274,t11_kp05_y,0.00088698
275,t03_kp09_y,0.00088581
276,t09_kp00_y,0.00088244
277,t05_kp01_y,0.00088116
278,t06_kp16_y,0.00086945
279,t10_kp04_y,0.00086927
280,t02_kp00_y,0.00086496
281,t00_kp26_x,0.00085848
282,t39_kp05_y,0.00084247
283,t09_kp06_y,0.00084061
284,t05_kp11_y,0.00083699
285,t27_kp20_y,0.00083615
286,t04_kp01_y,0.00082499
287,t42_kp03_x,0.00081133
288,t40_kp12_x,0.00075961
289,t05_kp32_x,0.00074924
290,t40_kp07_x,0.00074752
291,t41_kp10_x,0.00071222
292,t35_kp13_x,0.00070973
293,t42_kp09_x,0.00069084
294,t11_kp01_x,0.00068872
295,t44_kp00_x,0.00067771
296,t36_kp21_x,0.00066768
297,t34_kp22_x,0.00066296
298,t10_kp28_x,0.00066194
299,t32_kp17_x,0.00065861
300,t44_kp09_x,0.00064522
301,t42_kp04_x,0.00064236
302,t22_kp32_x,0.00064025
303,t44_kp03_x,0.00063723
304,t43_kp22_x,0.00062447
305,t41_kp00_x,0.00062071
306,t39_kp15_x,0.00061449
307,t42_kp21_y,0.00061432
308,t06_kp26_x,0.00061325
309,t33_kp13_x,0.00060517
310,t01_kp30_x,0.00059944
311,t43_kp10_x,0.00059537
312,t42_kp11_x,0.00059398
313,t01_kp01_y,0.00058119
314,t25_kp32_x,0.00057891
315,t30_kp28_x,0.00057412
316,t41_kp04_x,0.00057315
317,t41_kp11_x,0.00057249
318,t08_kp05_x,0.00057200
319,t44_kp14_y,0.00056115
320,t00_kp09_x,0.00056068
321,t41_kp05_x,0.00056045
322,t43_kp11_x,0.00055546
323,t30_kp21_x,0.00055052
324,t38_kp19_x,0.00054776
325,t05_kp05_y,0.00054622
326,t03_kp10_y,0.00054354
327,t02_kp08_y,0.00054268
328,t02_kp11_y,0.00053728
329,t14_kp05_y,0.00053501
330,t04_kp03_y,0.00053497
331,t03_kp01_y,0.00053488
332,t43_kp05_x,0.00052992
333,t04_kp11_y,0.00052885
334,t14_kp12_y,0.00052712
335,t11_kp11_y,0.00052579
336,t15_kp23_y,0.00052355
337,t09_kp18_y,0.00052138
338,t05_kp00_y,0.00051699
339,t43_kp09_x,0.00051693
340,t02_kp06_y,0.00051408
341,t17_kp30_x,0.00051271
342,t06_kp22_x,0.00051269
343,t38_kp12_x,0.00051093
344,t14_kp30_x,0.00050871
345,t12_kp01_y,0.00050819
346,t12_kp04_y,0.00050710
347,t06_kp19_x,0.00050703
348,t37_kp06_x,0.00050507
349,t08_kp12_y,0.00050143
350,t10_kp08_y,0.00050065
351,t09_kp08_y,0.00049997
352,t34_kp16_x,0.00049955
353,t43_kp15_x,0.00049874
354,t01_kp08_x,0.00049811
355,t05_kp24_x,0.00049653
356,t00_kp32_x,0.00049444
357,t11_kp08_y,0.00049136
358,t08_kp04_y,0.00049090
359,t44_kp06_x,0.00049024
360,t12_kp10_y,0.00048788
361,t07_kp28_x,0.00048533
362,t04_kp05_y,0.00048478
363,t10_kp05_y,0.00048444
364,t35_kp19_x,0.00048385
365,t41_kp03_x,0.00048135
366,t11_kp02_y,0.00047821
367,t10_kp00_y,0.00047675
368,t39_kp07_x,0.00047562
369,t10_kp03_y,0.00047533
370,t12_kp07_y,0.00047375
371,t03_kp03_y,0.00047362
372,t09_kp05_y,0.00047350
373,t44_kp19_x,0.00047290
374,t37_kp21_x,0.00047172
375,t10_kp24_y,0.00047130
376,t16_kp24_y,0.00047088
377,t39_kp01_x,0.00046941
378,t13_kp25_x,0.00046736
379,t39_kp13_x,0.00046703
380,t07_kp05_y,0.00046616
381,t07_kp11_y,0.00046587
382,t11_kp04_y,0.00046200
383,t43_kp12_x,0.00046120
384,t12_kp03_y,0.00046013
385,t13_kp12_y,0.00045881
386,t09_kp23_x,0.00045735
387,t13_kp01_y,0.00045724
388,t08_kp05_y,0.00045513
389,t05_kp23_x,0.00045305
390,t12_kp09_y,0.00045216
391,t09_kp11_y,0.00044993
392,t01_kp22_y,0.00044838
393,t12_kp06_y,0.00044751
394,t12_kp12_y,0.00044694
395,t07_kp07_y,0.00044610
396,t02_kp19_y,0.00044557
397,t08_kp03_y,0.00044549
398,t32_kp16_x,0.00044322
399,t08_kp01_y,0.00044216
400,t41_kp23_x,0.00043923
401,t38_kp15_x,0.00043559
402,t04_kp09_x,0.00043398
403,t09_kp01_y,0.00043248
404,t03_kp17_x,0.00042962
405,t01_kp18_x,0.00042778
406,t04_kp20_y,0.00042545
407,t06_kp11_y,0.00042465
408,t19_kp30_x,0.00042360
409,t40_kp08_x,0.00042047
410,t09_kp09_y,0.00041971
411,t04_kp16_y,0.00041941
412,t16_kp32_x,0.00041926
413,t07_kp01_y,0.00041892
414,t10_kp10_y,0.00041827
415,t07_kp20_y,0.00041479
416,t38_kp11_x,0.00040869
417,t13_kp05_y,0.00040833
418,t05_kp02_y,0.00040822
419,t11_kp03_y,0.00040138
420,t40_kp01_x,0.00039884
421,t36_kp11_x,0.00039831
422,t31_kp31_x,0.00039758
423,t06_kp09_y,0.00039685
424,t29_kp12_x,0.00039648
425,t27_kp28_x,0.00039562
426,t44_kp13_x,0.00039426
427,t07_kp10_y,0.00039265
428,t07_kp08_x,0.00038755
429,t42_kp06_x,0.00038670
430,t09_kp07_y,0.00038307
431,t37_kp08_x,0.00037936
432,t03_kp15_y,0.00037917
433,t35_kp17_x,0.00037810
434,t08_kp11_y,0.00037620
435,t22_kp07_x,0.00037399
436,t10_kp14_y,0.00037341
437,t12_kp20_x,0.00037044
438,t40_kp16_x,0.00036950
439,t41_kp22_x,0.00036597
440,t37_kp00_x,0.00036594
441,t00_kp24_x,0.00036584
442,t15_kp10_y,0.00036539
443,t44_kp15_x,0.00036409
444,t31_kp25_x,0.00035887
445,t27_kp04_x,0.00035722
446,t09_kp28_x,0.00035610
447,t00_kp12_x,0.00035574
448,t24_kp30_x,0.00035542
449,t23_kp20_x,0.00034796
450,t08_kp22_x,0.00034547
451,t11_kp23_x,0.00034467
452,t09_kp20_y,0.00034371
453,t00_kp29_x,0.00033940
454,t42_kp00_x,0.00033861
455,t05_kp16_x,0.00033705
456,t02_kp24_x,0.00033491
457,t05_kp00_x,0.00033337
458,t01_kp32_x,0.00033264
459,t02_kp16_x,0.00033045
460,t01_kp09_x,0.00032813
461,t05_kp08_x,0.00032769
462,t00_kp19_x,0.00032098
463,t03_kp25_x,0.00032064
464,t13_kp26_x,0.00031893
465,t07_kp13_x,0.00031701
466,t18_kp27_x,0.00031688
467,t40_kp00_x,0.00031423
468,t01_kp07_x,0.00031411
469,t33_kp21_x,0.00031344
470,t02_kp23_x,0.00031332
471,t04_kp02_x,0.00031074
472,t43_kp13_x,0.00030905
473,t28_kp03_x,0.00030662
474,t43_kp20_x,0.00030568
475,t04_kp18_x,0.00030546
476,t27_kp15_x,0.00030304
477,t13_kp22_x,0.00030232
478,t31_kp28_x,0.00029936
479,t09_kp12_x,0.00029644
480,t03_kp11_x,0.00029602
481,t34_kp19_x,0.00029550
482,t39_kp19_x,0.00029449
483,t02_kp21_x,0.00028923
484,t25_kp10_x,0.00028895
485,t42_kp14_y,0.00028791
486,t34_kp05_x,0.00028632
487,t10_kp12_x,0.00028601
488,t13_kp05_x,0.00028388
489,t43_kp03_x,0.00028314
490,t42_kp07_x,0.00027920
491,t03_kp29_x,0.00027742
492,t03_kp22_x,0.00027536
493,t07_kp01_x,0.00027529
494,t20_kp26_x,0.00027368
495,t08_kp16_x,0.00026851
496,t40_kp03_x,0.00026728
497,t05_kp28_x,0.00026721
498,t31_kp26_y,0.00026677
499,t28_kp21_x,0.00026662
500,t07_kp27_x,0.00026617
501,t37_kp17_x,0.00026570
502,t41_kp08_x,0.00026474
503,t16_kp26_x,0.00026410
504,t05_kp11_x,0.00026302
505,t32_kp01_x,0.00026025
506,t06_kp18_y,0.00025651
507,t19_kp03_x,0.00025585
508,t39_kp18_x,0.00025493
509,t08_kp00_x,0.00025464
510,t05_kp26_x,0.00025438
511,t14_kp00_x,0.00025392
512,t42_kp08_y,0.00025187
513,t44_kp23_x,0.00025012
514,t12_kp06_x,0.00025005
515,t28_kp12_x,0.00024923
516,t06_kp16_x,0.00024835
517,t27_kp27_x,0.00024756
518,t09_kp03_x,0.00024552
519,t22_kp26_x,0.00024494
520,t01_kp25_x,0.00024405
521,t37_kp01_x,0.00024274
522,t31_kp19_x,0.00024176
523,t26_kp05_x,0.00024103
524,t11_kp28_x,0.00023972
525,t16_kp30_x,0.00023949
526,t07_kp23_x,0.00023428
527,t02_kp17_x,0.00023416
528,t24_kp16_x,0.00023317
529,t43_kp02_x,0.00023268
530,t42_kp15_x,0.00023138
531,t29_kp04_x,0.00023129
532,t10_kp26_x,0.00023079
533,t28_kp10_x,0.00023058
534,t37_kp12_x,0.00022906
535,t13_kp29_x,0.00022843
536,t18_kp22_x,0.00022736
537,t15_kp31_x,0.00022718
538,t32_kp28_x,0.00022675
539,t06_kp30_x,0.00022533
540,t20_kp16_x,0.00022526
541,t41_kp02_x,0.00022371
542,t19_kp27_x,0.00022345
543,t08_kp11_x,0.00022257
544,t10_kp05_x,0.00022142
545,t42_kp17_x,0.00022133
546,t39_kp23_x,0.00022121
547,t25_kp19_x,0.00022031
548,t12_kp31_x,0.00021938
549,t04_kp05_x,0.00021909
550,t06_kp03_x,0.00021835
551,t39_kp11_x,0.00021576
552,t40_kp22_x,0.00021538
553,t40_kp19_x,0.00021523
554,t09_kp24_x,0.00021486
555,t21_kp30_x,0.00021483
556,t00_kp23_x,0.00021390
557,t39_kp12_x,0.00021195
558,t28_kp19_y,0.00021169
559,t10_kp07_x,0.00021159
560,t02_kp19_x,0.00021095
561,t30_kp17_x,0.00020985
562,t28_kp20_x,0.00020978
563,t20_kp32_x,0.00020893
564,t04_kp27_x,0.00020892
565,t37_kp23_x,0.00020880
566,t29_kp07_x,0.00020867
567,t03_kp30_x,0.00020858
568,t30_kp15_x,0.00020828
569,t06_kp29_x,0.00020750
570,t15_kp26_x,0.00020724
571,t18_kp25_x,0.00020723
572,t28_kp16_x,0.00020616
573,t23_kp26_x,0.00020610
574,t01_kp28_x,0.00020563
575,t43_kp17_x,0.00020481
576,t03_kp08_x,0.00020478
577,t38_kp06_x,0.00020420
578,t20_kp07_x,0.00020380
579,t29_kp00_x,0.00020377
580,t34_kp17_x,0.00020339
581,t31_kp15_x,0.00020294
582,t01_kp21_x,0.00020274
583,t42_kp02_y,0.00019893
584,t44_kp24_x,0.00019889
585,t08_kp24_x,0.00019845
586,t15_kp04_x,0.00019836
587,t36_kp18_y,0.00019831
588,t04_kp26_x,0.00019790
589,t25_kp25_x,0.00019631
590,t05_kp06_x,0.00019551
591,t35_kp15_x,0.00019477
592,t14_kp31_x,0.00019424
593,t40_kp15_x,0.00019246
594,t44_kp07_x,0.00019232
595,t21_kp32_x,0.00018939
596,t33_kp11_x,0.00018918
597,t41_kp12_x,0.00018902
598,t15_kp20_x,0.00018806
599,t01_kp27_x,0.00018795
600,t37_kp06_y,0.00018790
601,t06_kp18_x,0.00018783
602,t25_kp12_x,0.00018626
603,t40_kp10_x,0.00018514
604,t12_kp15_x,0.00018453
605,t13_kp13_x,0.00018418
606,t22_kp28_x,0.00018388
607,t14_kp26_x,0.00018341
608,t02_kp25_x,0.00018246
609,t44_kp16_x,0.00018223
610,t01_kp17_x,0.00018050
611,t34_kp13_x,0.00018007
612,t36_kp04_x,0.00017809
613,t33_kp16_x,0.00017783
614,t27_kp03_x,0.00017654
615,t42_kp05_x,0.00017585
616,t06_kp27_x,0.00017425
617,t38_kp13_x,0.00017411
618,t04_kp31_x,0.00017409
619,t02_kp29_x,0.00017246
620,t22_kp29_x,0.00017183
621,t42_kp13_x,0.00017120
622,t36_kp05_x,0.00017093
623,t26_kp08_x,0.00016945
624,t37_kp16_x,0.00016942
625,t32_kp06_x,0.00016930
626,t31_kp22_x,0.00016723
627,t32_kp20_x,0.00016689
628,t42_kp19_x,0.00016566
629,t06_kp05_x,0.00016529
630,t14_kp12_x,0.00016505
631,t13_kp19_x,0.00016443
632,t19_kp22_x,0.00016353
633,t02_kp20_x,0.00016336
634,t34_kp17_y,0.00016325
635,t00_kp22_x,0.00016304
636,t27_kp32_x,0.00016273
637,t07_kp26_x,0.00016265
638,t09_kp20_x,0.00016172
639,t23_kp31_x,0.00016147
640,t41_kp23_y,0.00016114
641,t00_kp30_x,0.00015986
642,t08_kp31_x,0.00015971
643,t10_kp22_x,0.00015875
644,t00_kp28_x,0.00015863
645,t41_kp26_y,0.00015845
646,t38_kp24_x,0.00015836
647,t05_kp09_x,0.00015830
648,t41_kp21_x,0.00015810
649,t33_kp17_x,0.00015736
650,t27_kp26_x,0.00015696
651,t42_kp10_x,0.00015634
652,t00_kp20_x,0.00015588
653,t36_kp10_x,0.00015581
654,t15_kp17_x,0.00015578
655,t44_kp04_y,0.00015567
656,t08_kp02_x,0.00015535
657,t36_kp06_x,0.00015475
658,t10_kp31_x,0.00015458
659,t35_kp02_x,0.00015439
660,t43_kp23_x,0.00015433
661,t25_kp18_x,0.00015391
662,t20_kp25_x,0.00015369
663,t00_kp18_x,0.00015320
664,t11_kp31_x,0.00015316
665,t21_kp05_x,0.00015295
666,t23_kp27_x,0.00015282
667,t37_kp07_y,0.00015267
668,t31_kp00_x,0.00015220
669,t42_kp20_x,0.00015166
670,t37_kp13_x,0.00015121
671,t43_kp07_x,0.00015032
672,t40_kp00_y,0.00014968
673,t33_kp05_x,0.00014806
674,t40_kp11_x,0.00014789
675,t38_kp23_x,0.00014762
676,t16_kp15_x,0.00014747
677,t00_kp05_x,0.00014736
678,t04_kp23_x,0.00014695
679,t40_kp23_y,0.00014682
680,t21_kp07_x,0.00014635
681,t13_kp11_x,0.00014575
682,t27_kp08_x,0.00014566
683,t34_kp02_x,0.00014560
684,t35_kp08_y,0.00014436
685,t16_kp27_x,0.00014420
686,t13_kp07_x,0.00014379
687,t16_kp04_x,0.00014344
688,t36_kp16_x,0.00014343
689,t35_kp10_x,0.00014334
690,t22_kp30_x,0.00014314
691,t07_kp12_x,0.00014279
692,t23_kp04_x,0.00014184
693,t11_kp27_x,0.00014173
694,t33_kp00_x,0.00014149
695,t44_kp08_y,0.00014131
696,t18_kp10_x,0.00014101
697,t35_kp20_x,0.00014092
698,t42_kp08_x,0.00014052
699,t07_kp11_x,0.00014049
700,t27_kp25_x,0.00014026
701,t30_kp05_y,0.00013916
702,t28_kp20_y,0.00013876
703,t14_kp28_x,0.00013861
704,t38_kp05_x,0.00013842
705,t43_kp04_y,0.00013820
706,t05_kp30_x,0.00013817
707,t31_kp29_x,0.00013806
708,t36_kp12_x,0.00013736
709,t32_kp19_x,0.00013701
710,t19_kp17_x,0.00013661
711,t12_kp12_x,0.00013649
712,t17_kp11_x,0.00013639
713,t08_kp23_x,0.00013636
714,t23_kp32_x,0.00013611
715,t42_kp23_x,0.00013602
716,t15_kp18_x,0.00013598
717,t41_kp18_x,0.00013584
718,t43_kp10_y,0.00013571
719,t43_kp08_x,0.00013561
720,t04_kp19_x,0.00013523
721,t37_kp15_x,0.00013464
722,t01_kp05_x,0.00013442
723,t04_kp30_x,0.00013424
724,t07_kp31_x,0.00013388
725,t07_kp02_x,0.00013357
726,t20_kp01_x,0.00013319
727,t38_kp10_y,0.00013297
728,t35_kp03_y,0.00013296
729,t36_kp18_x,0.00013211
730,t01_kp02_x,0.00013154
731,t16_kp02_x,0.00013135
732,t05_kp07_x,0.00013123
733,t24_kp31_x,0.00013121
734,t21_kp10_x,0.00013043
735,t31_kp08_x,0.00013027
736,t17_kp15_x,0.00012995
737,t03_kp15_x,0.00012993
738,t24_kp01_x,0.00012977
739,t32_kp02_x,0.00012885
740,t03_kp10_x,0.00012801
741,t21_kp31_x,0.00012777
742,t38_kp00_x,0.00012654
743,t00_kp00_x,0.00012644
744,t38_kp02_x,0.00012643
745,t03_kp18_x,0.00012623
746,t12_kp04_x,0.00012607
747,t28_kp22_x,0.00012599
748,t40_kp20_x,0.00012587
749,t28_kp11_x,0.00012556
750,t35_kp09_x,0.00012539
751,t44_kp02_x,0.00012514
752,t33_kp07_x,0.00012441
753,t23_kp09_x,0.00012418
754,t34_kp01_x,0.00012401
755,t40_kp05_x,0.00012376
756,t12_kp24_x,0.00012309
757,t00_kp17_x,0.00012278
758,t08_kp21_x,0.00012230
759,t41_kp06_x,0.00012224
760,t14_kp18_x,0.00012222
761,t29_kp15_x,0.00012217
762,t04_kp12_x,0.00012188
763,t36_kp16_y,0.00012130
764,t00_kp21_x,0.00012123
765,t03_kp21_x,0.00012067
766,t00_kp07_x,0.00012027
767,t02_kp04_x,0.00011990
768,t23_kp10_x,0.00011986
769,t34_kp25_x,0.00011814
770,t39_kp05_x,0.00011798
771,t34_kp26_y,0.00011798
772,t00_kp27_x,0.00011724
773,t17_kp07_x,0.00011693
774,t30_kp08_y,0.00011685
775,t21_kp04_x,0.00011649
776,t19_kp15_x,0.00011587
777,t07_kp03_x,0.00011541
778,t04_kp15_x,0.00011540
779,t15_kp03_x,0.00011517
780,t29_kp06_y,0.00011511
781,t12_kp32_x,0.00011489
782,t22_kp09_x,0.00011487
783,t37_kp18_y,0.00011447
784,t19_kp11_x,0.00011445
785,t31_kp03_x,0.00011438
786,t26_kp07_x,0.00011430
787,t20_kp11_x,0.00011418
788,t33_kp16_y,0.00011416
789,t08_kp15_x,0.00011409
790,t37_kp04_x,0.00011385
791,t00_kp25_x,0.00011344
792,t06_kp11_x,0.00011339
793,t37_kp20_x,0.00011314
794,t44_kp08_x,0.00011309
795,t20_kp00_x,0.00011308
796,t33_kp09_x,0.00011266
797,t27_kp16_x,0.00011230
798,t24_kp00_x,0.00011225
799,t16_kp22_x,0.00011214
800,t27_kp01_x,0.00011212
801,t12_kp29_x,0.00011201
802,t23_kp05_x,0.00011150
803,t35_kp23_x,0.00011124
804,t11_kp09_x,0.00011053
805,t18_kp27_y,0.00011051
806,t06_kp31_x,0.00011041
807,t25_kp07_x,0.00010990
808,t34_kp07_x,0.00010960
809,t03_kp26_x,0.00010901
810,t15_kp02_x,0.00010890
811,t12_kp28_x,0.00010883
812,t04_kp10_x,0.00010801
813,t14_kp06_x,0.00010792
814,t33_kp08_x,0.00010775
815,t33_kp23_x,0.00010750
816,t07_kp29_x,0.00010741
817,t29_kp22_x,0.00010695
818,t12_kp25_x,0.00010653
819,t38_kp17_x,0.00010647
820,t00_kp31_x,0.00010584
821,t36_kp02_x,0.00010401
822,t41_kp25_x,0.00010330
823,t26_kp01_x,0.00010182
824,t32_kp20_y,0.00010179
825,t08_kp06_x,0.00010113
826,t00_kp04_x,0.00010112
827,t14_kp03_x,0.00010084
828,t14_kp21_x,0.00010039
829,t31_kp02_x,0.00010033
830,t42_kp03_y,0.00010014
831,t16_kp08_x,0.00010008
832,t41_kp09_x,0.00010007
833,t17_kp28_x,0.00010003
834,t16_kp19_x,0.00010001
835,t19_kp01_x,0.00009999
836,t36_kp10_y,0.00009988
837,t37_kp05_x,0.00009984
838,t43_kp25_y,0.00009980
839,t29_kp18_x,0.00009966
840,t37_kp22_x,0.00009945
841,t01_kp16_x,0.00009940
842,t15_kp16_x,0.00009935
843,t18_kp00_x,0.00009912
844,t27_kp10_x,0.00009909
845,t32_kp32_x,0.00009903
846,t16_kp07_x,0.00009897
847,t34_kp06_x,0.00009875
848,t13_kp20_x,0.00009872
849,t35_kp25_x,0.00009872
850,t34_kp04_x,0.00009861
851,t35_kp24_x,0.00009754
852,t02_kp01_x,0.00009745
853,t21_kp27_x,0.00009739
854,t37_kp11_x,0.00009715
855,t31_kp18_y,0.00009709
856,t30_kp05_x,0.00009688
857,t19_kp18_x,0.00009657
858,t43_kp25_x,0.00009653
859,t33_kp12_x,0.00009652
860,t01_kp13_y,0.00009649
861,t26_kp24_x,0.00009638
862,t09_kp05_x,0.00009623
863,t28_kp18_x,0.00009614
864,t12_kp27_x,0.00009602
865,t21_kp02_x,0.00009595
866,t17_kp10_x,0.00009585
867,t26_kp02_x,0.00009582
868,t05_kp29_x,0.00009565
869,t08_kp10_y,0.00009539
870,t37_kp02_x,0.00009537
871,t39_kp27_x,0.00009450
872,t31_kp13_y,0.00009427
873,t03_kp29_y,0.00009407
874,t35_kp04_x,0.00009316
875,t30_kp15_y,0.00009288
876,t27_kp31_x,0.00009262
877,t36_kp07_x,0.00009199
878,t15_kp26_y,0.00009098
879,t36_kp02_y,0.00009085
880,t36_kp29_y,0.00009083
881,t44_kp21_y,0.00009067
882,t43_kp19_x,0.00008973
883,t05_kp19_y,0.00008730
884,t27_kp11_x,0.00008712
885,t38_kp20_x,0.00008707
886,t28_kp00_x,0.00008686
887,t33_kp26_x,0.00008681
888,t03_kp23_x,0.00008680
889,t16_kp06_x,0.00008668
890,t33_kp18_x,0.00008662
891,t05_kp27_y,0.00008651
892,t41_kp19_x,0.00008636
893,t26_kp17_x,0.00008630
894,t23_kp00_x,0.00008627
895,t01_kp00_x,0.00008623
896,t11_kp25_x,0.00008615
897,t27_kp02_x,0.00008613
898,t16_kp24_x,0.00008610
899,t40_kp01_y,0.00008566
900,t44_kp04_x,0.00008553
901,t04_kp21_x,0.00008553
902,t44_kp05_x,0.00008551
903,t40_kp13_x,0.00008550
904,t35_kp26_y,0.00008547
905,t01_kp19_x,0.00008543
906,t17_kp24_x,0.00008532
907,t37_kp03_x,0.00008521
908,t34_kp08_x,0.00008515
909,t05_kp15_x,0.00008510
910,t33_kp03_x,0.00008510
911,t29_kp02_x,0.00008501
912,t09_kp26_x,0.00008492
913,t33_kp04_x,0.00008491
914,t00_kp15_x,0.00008489
915,t38_kp21_x,0.00008488
916,t39_kp30_x,0.00008487
917,t25_kp16_x,0.00008482
918,t34_kp03_x,0.00008446
919,t12_kp16_x,0.00008444
920,t35_kp03_x,0.00008431
921,t23_kp21_x,0.00008406
922,t14_kp22_x,0.00008386
923,t16_kp17_x,0.00008376
924,t25_kp01_x,0.00008362
925,t40_kp18_x,0.00008361
926,t28_kp15_x,0.00008344
927,t36_kp01_y,0.00008330
928,t19_kp14_y,0.00008306
929,t08_kp20_x,0.00008270
930,t40_kp05_y,0.00008266
931,t18_kp11_x,0.00008266
932,t33_kp02_x,0.00008255
933,t20_kp30_x,0.00008242
934,t14_kp32_x,0.00008230
935,t39_kp02_x,0.00008164
936,t30_kp26_y,0.00008163
937,t25_kp05_x,0.00008159
938,t42_kp06_y,0.00008129
939,t11_kp04_x,0.00008122
940,t07_kp18_x,0.00008038
941,t42_kp26_y,0.00007994
942,t36_kp26_y,0.00007965
943,t04_kp26_y,0.00007879
944,t07_kp26_y,0.00007862
945,t21_kp18_y,0.00007771
946,t29_kp11_y,0.00007752
947,t16_kp23_x,0.00007563
948,t39_kp00_y,0.00007547
949,t17_kp26_y,0.00007385
950,t41_kp30_y,0.00007377
951,t35_kp02_y,0.00007371
952,t19_kp06_y,0.00007323
953,t39_kp26_y,0.00007290
954,t07_kp25_y,0.00007288
955,t22_kp18_x,0.00007277
956,t24_kp24_x,0.00007276
957,t44_kp12_x,0.00007276
958,t18_kp17_x,0.00007264
959,t11_kp24_x,0.00007260
960,t38_kp10_x,0.00007256
961,t06_kp08_y,0.00007253
962,t30_kp06_y,0.00007249
963,t13_kp32_x,0.00007236
964,t02_kp05_x,0.00007229
965,t41_kp25_y,0.00007220
966,t28_kp02_y,0.00007220
967,t06_kp28_x,0.00007217
968,t39_kp12_y,0.00007210
969,t11_kp03_x,0.00007207
970,t19_kp07_x,0.00007205
971,t16_kp18_x,0.00007205
972,t15_kp07_x,0.00007200
973,t28_kp19_x,0.00007199
974,t35_kp22_x,0.00007189
975,t33_kp29_y,0.00007182
976,t24_kp20_x,0.00007155
977,t25_kp17_x,0.00007151
978,t00_kp10_x,0.00007119
979,t25_kp20_x,0.00007109
980,t35_kp21_y,0.00007097
981,t37_kp30_x,0.00007093
982,t11_kp02_x,0.00007088
983,t15_kp31_y,0.00007050
984,t19_kp25_x,0.00007050
985,t32_kp21_x,0.00007041
986,t31_kp04_y,0.00007039
987,t18_kp28_x,0.00007034
988,t17_kp21_x,0.00007025
989,t04_kp22_x,0.00007020
990,t02_kp06_x,0.00006982
991,t08_kp03_x,0.00006979
992,t08_kp19_x,0.00006945
993,t29_kp17_y,0.00006904
994,t25_kp29_y,0.00006857
995,t42_kp27_y,0.00006833
996,t39_kp14_y,0.00006811
997,t00_kp08_x,0.00006802
998,t37_kp26_y,0.00006757
999,t15_kp28_y,0.00006751
1000,t07_kp13_y,0.00006724
1001,t32_kp08_y,0.00006707
1002,t24_kp27_x,0.00006633
1003,t38_kp16_x,0.00006622
1004,t25_kp03_y,0.00006608
1005,t15_kp28_x,0.00006599
1006,t03_kp27_x,0.00006585
1007,t03_kp24_x,0.00006573
1008,t31_kp30_x,0.00006522
1009,t43_kp26_y,0.00006465
1010,t28_kp05_x,0.00006443
1011,t17_kp00_y,0.00006425
1012,t29_kp05_y,0.00006397
1013,t44_kp29_y,0.00006339
1014,t03_kp19_y,0.00006319
1015,t27_kp31_y,0.00006280
1016,t29_kp15_y,0.00006265
1017,t02_kp26_x,0.00006177
1018,t30_kp25_y,0.00006094
1019,t40_kp07_y,0.00006066
1020,t01_kp12_x,0.00006047
1021,t29_kp26_y,0.00006032
1022,t19_kp32_x,0.00006007
1023,t23_kp26_y,0.00005988
1024,t44_kp25_y,0.00005979
1025,t27_kp29_x,0.00005974
1026,t14_kp27_x,0.00005943
1027,t09_kp29_x,0.00005918
1028,t44_kp02_y,0.00005894
1029,t30_kp17_y,0.00005876
1030,t22_kp15_y,0.00005875
1031,t34_kp06_y,0.00005855
1032,t33_kp29_x,0.00005849
1033,t19_kp24_x,0.00005837
1034,t38_kp27_x,0.00005835
1035,t15_kp24_y,0.00005835
1036,t25_kp11_x,0.00005829
1037,t23_kp12_x,0.00005829
1038,t42_kp31_x,0.00005829
1039,t36_kp23_x,0.00005828
1040,t25_kp27_x,0.00005828
1041,t40_kp27_x,0.00005828
1042,t32_kp12_x,0.00005828
1043,t15_kp08_x,0.00005828
1044,t32_kp08_x,0.00005826
1045,t15_kp09_x,0.00005826
1046,t33_kp10_x,0.00005826
1047,t17_kp08_x,0.00005820
1048,t03_kp16_x,0.00005813
1049,t41_kp24_x,0.00005809
1050,t33_kp06_x,0.00005808
1051,t02_kp29_y,0.00005802
1052,t35_kp16_x,0.00005786
1053,t29_kp20_x,0.00005786
1054,t26_kp00_x,0.00005786
1055,t10_kp13_x,0.00005785
1056,t18_kp23_x,0.00005781
1057,t10_kp01_x,0.00005778
1058,t28_kp29_x,0.00005749
1059,t09_kp13_x,0.00005743
1060,t33_kp25_y,0.00005741
1061,t24_kp22_x,0.00005738
1062,t27_kp19_x,0.00005702
1063,t30_kp29_x,0.00005698
1064,t27_kp22_x,0.00005695
1065,t40_kp09_x,0.00005692
1066,t02_kp15_x,0.00005690
1067,t30_kp20_x,0.00005679
1068,t06_kp15_x,0.00005677
1069,t20_kp29_x,0.00005671
1070,t31_kp16_x,0.00005635
1071,t07_kp18_y,0.00005628
1072,t38_kp03_y,0.00005622
1073,t28_kp06_y,0.00005614
1074,t33_kp11_y,0.00005608
1075,t27_kp23_y,0.00005592
1076,t43_kp30_x,0.00005569
1077,t42_kp31_y,0.00005464
1078,t10_kp00_x,0.00005452
1079,t22_kp29_y,0.00005300
1080,t39_kp02_y,0.00005288
1081,t22_kp25_x,0.00005282
1082,t31_kp15_y,0.00005223
1083,t11_kp32_y,0.00005144
1084,t44_kp27_y,0.00005124
1085,t12_kp27_y,0.00005083
1086,t32_kp32_y,0.00005079
1087,t07_kp20_x,0.00005067
1088,t27_kp26_y,0.00005045
1089,t30_kp27_x,0.00004993
1090,t07_kp22_x,0.00004970
1091,t37_kp31_y,0.00004931
1092,t22_kp32_y,0.00004930
1093,t25_kp13_y,0.00004897
1094,t03_kp26_y,0.00004833
1095,t14_kp08_x,0.00004796
1096,t26_kp04_y,0.00004792
1097,t27_kp27_y,0.00004777
1098,t02_kp12_x,0.00004737
1099,t11_kp10_y,0.00004681
1100,t21_kp04_y,0.00004672
1101,t19_kp10_x,0.00004663
1102,t31_kp20_x,0.00004634
1103,t42_kp25_y,0.00004628
1104,t30_kp12_y,0.00004624
1105,t01_kp26_y,0.00004603
1106,t37_kp12_y,0.00004551
1107,t33_kp02_y,0.00004521
1108,t30_kp16_x,0.00004507
1109,t38_kp25_y,0.00004486
1110,t27_kp21_x,0.00004446
1111,t24_kp14_y,0.00004435
1112,t23_kp30_x,0.00004428
1113,t37_kp07_x,0.00004389
1114,t19_kp16_x,0.00004387
1115,t39_kp22_x,0.00004386
1116,t39_kp06_y,0.00004382
1117,t40_kp23_x,0.00004379
1118,t08_kp08_x,0.00004376
1119,t00_kp17_y,0.00004376
1120,t22_kp25_y,0.00004374
1121,t30_kp00_x,0.00004357
1122,t24_kp28_x,0.00004348
1123,t12_kp19_x,0.00004348
1124,t32_kp18_y,0.00004338
1125,t31_kp10_y,0.00004332
1126,t13_kp10_x,0.00004326
1127,t09_kp16_x,0.00004321
1128,t16_kp00_x,0.00004304
1129,t32_kp06_y,0.00004291
1130,t39_kp21_x,0.00004290
1131,t05_kp20_x,0.00004289
1132,t12_kp09_x,0.00004275
1133,t43_kp27_x,0.00004261
1134,t08_kp30_x,0.00004241
1135,t34_kp32_y,0.00004240
1136,t25_kp23_y,0.00004205
1137,t10_kp09_y,0.00004148
1138,t10_kp31_y,0.00004146
1139,t33_kp27_y,0.00004101
1140,t27_kp10_y,0.00004096
1141,t29_kp32_x,0.00004089
1142,t00_kp22_y,0.00004078
1143,t32_kp07_y,0.00004039
1144,t07_kp24_y,0.00004037
1145,t18_kp19_x,0.00004036
1146,t39_kp03_x,0.00004035
1147,t40_kp27_y,0.00004034
1148,t00_kp31_y,0.00004033
1149,t11_kp32_x,0.00003995
1150,t08_kp26_y,0.00003992
1151,t16_kp19_y,0.00003957
1152,t40_kp31_x,0.00003947
1153,t17_kp08_y,0.00003947
1154,t16_kp11_x,0.00003944
1155,t25_kp28_y,0.00003943
1156,t20_kp14_x,0.00003905
1157,t01_kp14_x,0.00003863
1158,t27_kp29_y,0.00003858
1159,t36_kp14_y,0.00003842
1160,t30_kp32_x,0.00003826
1161,t25_kp22_x,0.00003803
1162,t13_kp17_x,0.00003782
1163,t18_kp14_x,0.00003772
1164,t19_kp29_y,0.00003767
1165,t29_kp19_x,0.00003765
1166,t08_kp32_y,0.00003765
1167,t04_kp18_y,0.00003765
1168,t37_kp03_y,0.00003719
1169,t20_kp13_x,0.00003708
1170,t29_kp23_y,0.00003706
1171,t32_kp02_y,0.00003701
1172,t13_kp07_y,0.00003697
1173,t14_kp11_y,0.00003681
1174,t23_kp10_y,0.00003662
1175,t22_kp26_y,0.00003659
1176,t41_kp14_x,0.00003653
1177,t13_kp08_x,0.00003649
1178,t33_kp05_y,0.00003645
1179,t01_kp21_y,0.00003612
1180,t00_kp13_x,0.00003605
1181,t36_kp32_y,0.00003559
1182,t44_kp18_x,0.00003555
1183,t31_kp32_y,0.00003551
1184,t26_kp01_y,0.00003549
1185,t39_kp04_y,0.00003531
1186,t01_kp20_x,0.00003510
1187,t41_kp31_y,0.00003413
1188,t10_kp32_x,0.00003361
1189,t10_kp28_y,0.00003343
1190,t36_kp11_y,0.00003337
1191,t27_kp13_y,0.00003328
1192,t42_kp01_x,0.00003300
1193,t04_kp31_y,0.00003298
1194,t24_kp32_x,0.00003291
1195,t02_kp26_y,0.00003287
1196,t42_kp28_y,0.00003280
1197,t16_kp31_y,0.00003273
1198,t40_kp04_y,0.00003268
1199,t21_kp21_x,0.00003245
1200,t37_kp28_x,0.00003241
1201,t03_kp04_x,0.00003241
1202,t13_kp00_y,0.00003233
1203,t06_kp30_y,0.00003228
1204,t04_kp04_x,0.00003227
1205,t41_kp27_x,0.00003125
1206,t24_kp23_x,0.00003123
1207,t00_kp16_y,0.00003068
1208,t31_kp25_y,0.00003044
1209,t26_kp20_y,0.00002986
1210,t02_kp32_x,0.00002971
1211,t36_kp06_y,0.00002964
1212,t26_kp18_y,0.00002959
1213,t06_kp17_x,0.00002959
1214,t16_kp22_y,0.00002959
1215,t44_kp26_y,0.00002958
1216,t33_kp30_x,0.00002958
1217,t31_kp09_y,0.00002958
1218,t33_kp07_y,0.00002949
1219,t13_kp21_x,0.00002949
1220,t39_kp11_y,0.00002948
1221,t29_kp30_y,0.00002943
1222,t05_kp17_y,0.00002939
1223,t02_kp16_y,0.00002939
1224,t39_kp16_x,0.00002937
1225,t39_kp24_x,0.00002937
1226,t31_kp28_y,0.00002936
1227,t11_kp07_x,0.00002936
1228,t36_kp24_x,0.00002934
1229,t38_kp09_y,0.00002920
1230,t15_kp01_y,0.00002920
1231,t13_kp26_y,0.00002919
1232,t10_kp15_x,0.00002918
1233,t14_kp25_x,0.00002917
1234,t13_kp27_y,0.00002916
1235,t30_kp22_y,0.00002915
1236,t19_kp27_y,0.00002915
1237,t26_kp19_y,0.00002913
1238,t23_kp19_y,0.00002913
1239,t30_kp08_x,0.00002912
1240,t01_kp19_y,0.00002896
1241,t40_kp06_x,0.00002894
1242,t29_kp10_x,0.00002894
1243,t08_kp12_x,0.00002892
1244,t11_kp12_x,0.00002891
1245,t38_kp18_x,0.00002882
1246,t22_kp17_y,0.00002874
1247,t44_kp01_y,0.00002874
1248,t07_kp29_y,0.00002870
1249,t30_kp31_y,0.00002854
1250,t27_kp32_y,0.00002849
1251,t00_kp32_y,0.00002830
1252,t14_kp27_y,0.00002790
1253,t42_kp12_x,0.00002786
1254,t17_kp11_y,0.00002776
1255,t32_kp29_y,0.00002775
1256,t44_kp27_x,0.00002774
1257,t07_kp06_x,0.00002773
1258,t28_kp12_y,0.00002773
1259,t21_kp22_y,0.00002773
1260,t29_kp21_y,0.00002739
1261,t25_kp02_y,0.00002712
1262,t04_kp13_y,0.00002707
1263,t27_kp28_y,0.00002688
1264,t21_kp19_x,0.00002678
1265,t28_kp06_x,0.00002667
1266,t12_kp32_y,0.00002659
1267,t38_kp32_y,0.00002646
1268,t32_kp04_y,0.00002613
1269,t42_kp30_y,0.00002612
1270,t06_kp13_x,0.00002589
1271,t14_kp31_y,0.00002588
1272,t25_kp22_y,0.00002588
1273,t06_kp27_y,0.00002572
1274,t03_kp07_x,0.00002563
1275,t28_kp10_y,0.00002563
1276,t24_kp05_x,0.00002556
1277,t22_kp00_y,0.00002548
1278,t38_kp07_y,0.00002543
1279,t32_kp03_y,0.00002542
1280,t12_kp28_y,0.00002541
1281,t26_kp25_x,0.00002541
1282,t26_kp21_x,0.00002536
1283,t22_kp28_y,0.00002536
1284,t00_kp14_x,0.00002535
1285,t15_kp10_x,0.00002516
1286,t16_kp14_x,0.00002513
1287,t38_kp09_x,0.00002508
1288,t40_kp14_y,0.00002507
1289,t29_kp28_x,0.00002494
1290,t05_kp31_x,0.00002480
1291,t28_kp23_x,0.00002479
1292,t32_kp24_y,0.00002469
1293,t03_kp09_x,0.00002465
1294,t16_kp31_x,0.00002465
1295,t24_kp25_y,0.00002429
1296,t38_kp31_x,0.00002427
1297,t26_kp12_y,0.00002422
1298,t36_kp03_x,0.00002422
1299,t09_kp02_x,0.00002420
1300,t12_kp18_y,0.00002420
1301,t39_kp09_x,0.00002417
1302,t15_kp30_x,0.00002376
1303,t21_kp23_x,0.00002367
1304,t36_kp20_x,0.00002366
1305,t41_kp27_y,0.00002366
1306,t07_kp00_x,0.00002366
1307,t41_kp01_y,0.00002352
1308,t10_kp30_x,0.00002339
1309,t09_kp32_y,0.00002333
1310,t03_kp21_y,0.00002314
1311,t19_kp24_y,0.00002304
1312,t03_kp05_x,0.00002303
1313,t22_kp10_y,0.00002302
1314,t18_kp12_x,0.00002300
1315,t34_kp12_y,0.00002231
1316,t26_kp13_y,0.00002230
1317,t35_kp29_y,0.00002226
1318,t33_kp24_x,0.00002224
1319,t16_kp21_y,0.00002223
1320,t12_kp08_x,0.00002221
1321,t32_kp22_x,0.00002221
1322,t14_kp03_y,0.00002221
1323,t18_kp07_x,0.00002220
1324,t02_kp02_x,0.00002218
1325,t42_kp30_x,0.00002218
1326,t02_kp21_y,0.00002192
1327,t02_kp08_x,0.00002177
1328,t44_kp32_y,0.00002135
1329,t17_kp31_y,0.00002127
1330,t09_kp19_y,0.00002126
1331,t34_kp25_y,0.00002119
1332,t30_kp24_x,0.00002118
1333,t41_kp28_x,0.00002117
1334,t14_kp16_x,0.00002116
1335,t27_kp12_y,0.00002116
1336,t36_kp19_x,0.00002116
1337,t27_kp01_y,0.00002112
1338,t22_kp24_x,0.00002098
1339,t12_kp15_y,0.00002030
1340,t26_kp26_x,0.00002001
1341,t37_kp01_y,0.00001979
1342,t32_kp10_y,0.00001979
1343,t05_kp02_x,0.00001974
1344,t04_kp01_x,0.00001973
1345,t21_kp05_y,0.00001973
1346,t32_kp12_y,0.00001972
1347,t20_kp22_x,0.00001972
1348,t18_kp13_x,0.00001972
1349,t37_kp24_y,0.00001972
1350,t08_kp17_x,0.00001972
1351,t04_kp17_y,0.00001972
1352,t38_kp01_y,0.00001961
1353,t38_kp27_y,0.00001948
1354,t26_kp27_x,0.00001907
1355,t05_kp27_x,0.00001886
1356,t14_kp01_y,0.00001883
1357,t33_kp10_y,0.00001868
1358,t28_kp29_y,0.00001852
1359,t29_kp04_y,0.00001839
1360,t26_kp32_x,0.00001837
1361,t29_kp00_y,0.00001828
1362,t38_kp06_y,0.00001826
1363,t17_kp06_y,0.00001817
1364,t41_kp02_y,0.00001804
1365,t37_kp32_y,0.00001783
1366,t08_kp19_y,0.00001777
1367,t36_kp30_x,0.00001776
1368,t38_kp29_y,0.00001776
1369,t32_kp14_y,0.00001775
1370,t15_kp03_y,0.00001775
1371,t22_kp11_x,0.00001774
1372,t33_kp04_y,0.00001735
1373,t00_kp20_y,0.00001686
1374,t38_kp04_y,0.00001681
1375,t20_kp31_x,0.00001660
1376,t40_kp08_y,0.00001634
1377,t10_kp27_x,0.00001615
1378,t06_kp25_y,0.00001584
1379,t08_kp27_x,0.00001561
1380,t23_kp28_x,0.00001494
1381,t39_kp25_y,0.00001485
1382,t37_kp04_y,0.00001483
1383,t21_kp25_y,0.00001483
1384,t15_kp23_x,0.00001481
1385,t11_kp00_x,0.00001479
1386,t34_kp15_y,0.00001479
1387,t44_kp01_x,0.00001477
1388,t23_kp16_x,0.00001477
1389,t02_kp30_x,0.00001476
1390,t01_kp27_y,0.00001475
1391,t32_kp00_y,0.00001475
1392,t28_kp21_y,0.00001475
1393,t22_kp05_x,0.00001475
1394,t11_kp00_y,0.00001474
1395,t26_kp31_y,0.00001474
1396,t38_kp02_y,0.00001473
1397,t00_kp21_y,0.00001473
1398,t08_kp00_y,0.00001473
1399,t10_kp25_y,0.00001473
1400,t30_kp19_y,0.00001473
1401,t11_kp29_y,0.00001472
1402,t03_kp02_x,0.00001470
1403,t07_kp22_y,0.00001468
1404,t28_kp27_y,0.00001467
1405,t28_kp30_x,0.00001464
1406,t09_kp30_y,0.00001464
1407,t25_kp21_y,0.00001464
1408,t36_kp23_y,0.00001464
1409,t16_kp23_y,0.00001463
1410,t02_kp17_y,0.00001463
1411,t23_kp24_y,0.00001463
1412,t13_kp02_x,0.00001463
1413,t00_kp18_y,0.00001463
1414,t21_kp21_y,0.00001463
1415,t36_kp28_y,0.00001462
1416,t01_kp26_x,0.00001458
1417,t04_kp28_y,0.00001458
1418,t39_kp07_y,0.00001453
1419,t00_kp14_y,0.00001453
1420,t43_kp28_y,0.00001453
1421,t00_kp19_y,0.00001453
1422,t37_kp02_y,0.00001452
1423,t39_kp08_y,0.00001452
1424,t43_kp27_y,0.00001451
1425,t33_kp22_x,0.00001447
1426,t02_kp22_y,0.00001441
1427,t28_kp26_x,0.00001438
1428,t20_kp05_x,0.00001417
1429,t01_kp15_y,0.00001413
1430,t08_kp15_y,0.00001411
1431,t27_kp14_x,0.00001409
1432,t30_kp26_x,0.00001408
1433,t15_kp01_x,0.00001401
1434,t15_kp19_x,0.00001393
1435,t39_kp24_y,0.00001386
1436,t13_kp14_x,0.00001382
1437,t20_kp03_y,0.00001382
1438,t22_kp20_y,0.00001380
1439,t23_kp24_x,0.00001379
1440,t20_kp27_y,0.00001367
1441,t18_kp26_x,0.00001366
1442,t20_kp05_y,0.00001366
1443,t20_kp26_y,0.00001365
1444,t18_kp03_y,0.00001357
1445,t34_kp24_y,0.00001356
1446,t41_kp29_x,0.00001356
1447,t24_kp21_y,0.00001356
1448,t07_kp28_y,0.00001354
1449,t19_kp31_y,0.00001351
1450,t17_kp01_x,0.00001347
1451,t13_kp03_x,0.00001346
1452,t17_kp18_x,0.00001345
1453,t18_kp21_x,0.00001344
1454,t18_kp23_y,0.00001337
1455,t34_kp31_y,0.00001336
1456,t13_kp19_y,0.00001333
1457,t05_kp25_x,0.00001332
1458,t17_kp32_y,0.00001331
1459,t18_kp16_x,0.00001331
1460,t18_kp29_y,0.00001320
1461,t31_kp29_y,0.00001316
1462,t06_kp21_x,0.00001316
1463,t30_kp03_x,0.00001316
1464,t43_kp26_x,0.00001315
1465,t09_kp31_y,0.00001315
1466,t05_kp20_y,0.00001315
1467,t29_kp14_y,0.00001315
1468,t22_kp19_y,0.00001312
1469,t22_kp16_x,0.00001306
1470,t14_kp17_y,0.00001301
1471,t17_kp23_x,0.00001298
1472,t40_kp26_y,0.00001296
1473,t00_kp29_y,0.00001295
1474,t20_kp19_y,0.00001295
1475,t08_kp25_y,0.00001294
1476,t10_kp11_x,0.00001294
1477,t31_kp08_y,0.00001294
1478,t26_kp09_x,0.00001294
1479,t01_kp23_x,0.00001289
1480,t18_kp18_y,0.00001278
1481,t10_kp04_x,0.00001273
1482,t17_kp00_x,0.00001271
1483,t36_kp27_y,0.00001270
1484,t15_kp11_x,0.00001269
1485,t32_kp00_x,0.00001269
1486,t30_kp27_y,0.00001269
1487,t41_kp29_y,0.00001268
1488,t05_kp22_y,0.00001268
1489,t32_kp07_x,0.00001268
1490,t38_kp28_x,0.00001268
1491,t12_kp17_x,0.00001268
1492,t25_kp11_y,0.00001267
1493,t30_kp01_y,0.00001267
1494,t07_kp14_x,0.00001236
1495,t25_kp19_y,0.00001234
1496,t32_kp30_x,0.00001234
1497,t24_kp03_x,0.00001234
1498,t36_kp30_y,0.00001233
1499,t01_kp04_x,0.00001233
1500,t34_kp20_x,0.00001233
1501,t09_kp25_y,0.00001233
1502,t05_kp18_y,0.00001233
1503,t41_kp14_y,0.00001232
1504,t28_kp14_y,0.00001232
1505,t04_kp19_y,0.00001232
1506,t35_kp18_x,0.00001232
1507,t09_kp00_x,0.00001232
1508,t37_kp30_y,0.00001232
1509,t34_kp31_x,0.00001212
1510,t01_kp23_y,0.00001204
1511,t15_kp29_y,0.00001191
1512,t04_kp25_x,0.00001187
1513,t40_kp28_y,0.00001186
1514,t21_kp09_x,0.00001185
1515,t37_kp14_y,0.00001185
1516,t31_kp30_y,0.00001185
1517,t19_kp12_y,0.00001184
1518,t16_kp12_y,0.00001184
1519,t15_kp27_y,0.00001183
1520,t02_kp10_x,0.00001183
1521,t39_kp31_y,0.00001183
1522,t39_kp09_y,0.00001156
1523,t03_kp32_y,0.00001125
1524,t08_kp29_x,0.00001114
1525,t43_kp31_y,0.00001111
1526,t01_kp22_x,0.00001111
1527,t38_kp28_y,0.00001111
1528,t03_kp28_y,0.00001111
1529,t30_kp23_y,0.00001110
1530,t11_kp15_x,0.00001110
1531,t10_kp22_y,0.00001109
1532,t37_kp10_x,0.00001109
1533,t24_kp10_x,0.00001109
1534,t07_kp24_x,0.00001109
1535,t16_kp15_y,0.00001109
1536,t09_kp27_x,0.00001085
1537,t09_kp31_x,0.00001026
1538,t09_kp14_x,0.00000993
1539,t42_kp28_x,0.00000992
1540,t11_kp30_x,0.00000990
1541,t18_kp18_x,0.00000989
1542,t16_kp20_x,0.00000989
1543,t22_kp22_y,0.00000988
1544,t15_kp22_y,0.00000987
1545,t05_kp22_x,0.00000987
1546,t28_kp08_x,0.00000987
1547,t20_kp24_y,0.00000986
1548,t13_kp30_x,0.00000986
1549,t33_kp20_x,0.00000986
1550,t11_kp29_x,0.00000975
1551,t02_kp27_x,0.00000974
1552,t07_kp30_x,0.00000964
1553,t32_kp01_y,0.00000964
1554,t04_kp24_y,0.00000869
1555,t06_kp32_x,0.00000829
1556,t35_kp12_y,0.00000823
1557,t41_kp15_x,0.00000823
1558,t09_kp30_x,0.00000823
1559,t41_kp13_x,0.00000741
1560,t23_kp00_y,0.00000740
1561,t01_kp32_y,0.00000740
1562,t19_kp14_x,0.00000740
1563,t32_kp09_y,0.00000719
1564,t13_kp27_x,0.00000718
1565,t25_kp26_x,0.00000713
1566,t23_kp16_y,0.00000689
1567,t25_kp30_x,0.00000655
1568,t41_kp08_y,0.00000637
1569,t01_kp24_x,0.00000606
1570,t20_kp27_x,0.00000519
1571,t18_kp29_x,0.00000517
1572,t21_kp29_x,0.00000494
1573,t33_kp03_y,0.00000490
1574,t15_kp27_x,0.00000478
1575,t10_kp16_x,0.00000474
1576,t28_kp32_x,0.00000471
1577,t32_kp15_x,0.00000434
1578,t28_kp28_x,0.00000433
1579,t06_kp23_x,0.00000432
1580,t06_kp24_x,0.00000403
1581,t18_kp30_x,0.00000401
1582,t34_kp21_x,0.00000384
1583,t28_kp27_x,0.00000371
1584,t04_kp32_x,0.00000348
1585,t44_kp06_y,0.00000342
1586,t25_kp28_x,0.00000338
1587,t03_kp25_y,0.00000315
1588,t06_kp28_y,0.00000301
1589,t31_kp24_y,0.00000291
1590,t23_kp29_x,0.00000260
1591,t32_kp25_y,0.00000244
1592,t14_kp23_x,0.00000241
1593,t11_kp28_y,0.00000239
1594,t31_kp32_x,0.00000206
1595,t14_kp29_x,0.00000180
1596,t44_kp17_x,0.00000179
1597,t38_kp05_y,0.00000179
1598,t04_kp24_x,0.00000159
1599,t25_kp31_x,0.00000143
1600,t01_kp29_x,0.00000142
1601,t20_kp24_x,0.00000142
1602,t10_kp29_x,0.00000129
1603,t44_kp28_x,0.00000118
1604,t15_kp32_x,0.00000109
1605,t31_kp18_x,0.00000000
1606,t08_kp04_x,0.00000000
1607,t08_kp06_y,0.00000000
1608,t08_kp07_x,0.00000000
1609,t32_kp16_y,0.00000000
1610,t32_kp15_y,0.00000000
1611,t08_kp09_x,0.00000000
1612,t08_kp09_y,0.00000000
1613,t08_kp10_x,0.00000000
1614,t08_kp13_x,0.00000000
1615,t32_kp05_y,0.00000000
1616,t31_kp07_x,0.00000000
1617,t32_kp13_x,0.00000000
1618,t08_kp14_x,0.00000000
1619,t08_kp14_y,0.00000000
1620,t31_kp22_y,0.00000000
1621,t32_kp11_y,0.00000000
1622,t08_kp16_y,0.00000000
1623,t31_kp21_x,0.00000000
1624,t32_kp11_x,0.00000000
1625,t08_kp17_y,0.00000000
1626,t32_kp10_x,0.00000000
1627,t08_kp18_x,0.00000000
1628,t32_kp14_x,0.00000000
1629,t31_kp14_y,0.00000000
1630,t31_kp12_y,0.00000000
1631,t31_kp13_x,0.00000000
1632,t32_kp09_x,0.00000000
1633,t08_kp01_x,0.00000000
1634,t31_kp20_y,0.00000000
1635,t07_kp32_y,0.00000000
1636,t07_kp32_x,0.00000000
1637,t31_kp14_x,0.00000000
1638,t07_kp31_y,0.00000000
1639,t32_kp21_y,0.00000000
1640,t31_kp16_y,0.00000000
1641,t32_kp18_x,0.00000000
1642,t31_kp17_x,0.00000000
1643,t31_kp12_x,0.00000000
1644,t32_kp24_x,0.00000000
1645,t32_kp25_x,0.00000000
1646,t06_kp32_y,0.00000000
1647,t07_kp00_y,0.00000000
1648,t07_kp04_x,0.00000000
1649,t07_kp05_x,0.00000000
1650,t07_kp06_y,0.00000000
1651,t07_kp07_x,0.00000000
1652,t31_kp07_y,0.00000000
1653,t07_kp10_x,0.00000000
1654,t33_kp09_y,0.00000000
1655,t33_kp12_y,0.00000000
1656,t33_kp14_x,0.00000000
1657,t33_kp14_y,0.00000000
1658,t33_kp15_x,0.00000000
1659,t33_kp18_y,0.00000000
1660,t06_kp24_y,0.00000000
1661,t06_kp25_x,0.00000000
1662,t07_kp09_x,0.00000000
1663,t33_kp23_y,0.00000000
1664,t33_kp25_x,0.00000000
1665,t33_kp26_y,0.00000000
1666,t33_kp27_x,0.00000000
1667,t33_kp28_x,0.00000000
1668,t33_kp28_y,0.00000000
1669,t33_kp30_y,0.00000000
1670,t06_kp09_x,0.00000000
1671,t06_kp10_x,0.00000000
1672,t32_kp23_y,0.00000000
1673,t06_kp13_y,0.00000000
1674,t06_kp14_x,0.00000000
1675,t06_kp14_y,0.00000000
1676,t06_kp15_y,0.00000000
1677,t33_kp21_y,0.00000000
1678,t07_kp12_y,0.00000000
1679,t07_kp14_y,0.00000000
1680,t32_kp22_y,0.00000000
1681,t32_kp23_x,0.00000000
1682,t06_kp12_x,0.00000000
1683,t33_kp00_y,0.00000000
1684,t33_kp01_x,0.00000000
1685,t33_kp01_y,0.00000000
1686,t07_kp15_x,0.00000000
1687,t32_kp26_x,0.00000000
1688,t32_kp26_y,0.00000000
1689,t32_kp27_x,0.00000000
1690,t32_kp27_y,0.00000000
1691,t06_kp26_y,0.00000000
1692,t32_kp29_x,0.00000000
1693,t08_kp13_y,0.00000000
1694,t31_kp23_x,0.00000000
1695,t31_kp23_y,0.00000000
1696,t31_kp24_x,0.00000000
1697,t31_kp26_x,0.00000000
1698,t31_kp27_x,0.00000000
1699,t31_kp27_y,0.00000000
1700,t08_kp02_y,0.00000000
1701,t32_kp28_y,0.00000000
1702,t06_kp29_y,0.00000000
1703,t06_kp31_y,0.00000000
1704,t33_kp06_y,0.00000000
1705,t33_kp08_y,0.00000000
1706,t07_kp21_y,0.00000000
1707,t07_kp23_y,0.00000000
1708,t07_kp25_x,0.00000000
1709,t07_kp27_y,0.00000000
1710,t07_kp30_y,0.00000000
1711,t32_kp31_y,0.00000000
1712,t07_kp16_x,0.00000000
1713,t07_kp16_y,0.00000000
1714,t07_kp17_x,0.00000000
1715,t07_kp17_y,0.00000000
1716,t07_kp19_x,0.00000000
1717,t07_kp19_y,0.00000000
1718,t07_kp21_x,0.00000000
1719,t32_kp30_y,0.00000000
1720,t32_kp31_x,0.00000000
1721,t07_kp15_y,0.00000000
1722,t29_kp26_x,0.00000000
1723,t29_kp27_x,0.00000000
1724,t29_kp27_y,0.00000000
1725,t29_kp28_y,0.00000000
1726,t29_kp29_x,0.00000000
1727,t29_kp29_y,0.00000000
1728,t29_kp30_x,0.00000000
1729,t10_kp06_x,0.00000000
1730,t10_kp06_y,0.00000000
1731,t08_kp30_y,0.00000000
1732,t10_kp09_x,0.00000000
1733,t10_kp10_x,0.00000000
1734,t10_kp11_y,0.00000000
1735,t29_kp25_x,0.00000000
1736,t11_kp01_y,0.00000000
1737,t11_kp05_x,0.00000000
1738,t11_kp06_x,0.00000000
1739,t11_kp07_y,0.00000000
1740,t11_kp08_x,0.00000000
1741,t11_kp09_y,0.00000000
1742,t10_kp08_x,0.00000000
1743,t09_kp28_y,0.00000000
1744,t30_kp09_x,0.00000000
1745,t30_kp09_y,0.00000000
1746,t30_kp10_x,0.00000000
1747,t30_kp10_y,0.00000000
1748,t30_kp11_x,0.00000000
1749,t30_kp03_y,0.00000000
1750,t30_kp04_x,0.00000000
1751,t30_kp04_y,0.00000000
1752,t30_kp06_x,0.00000000
1753,t29_kp25_y,0.00000000
1754,t30_kp07_y,0.00000000
1755,t10_kp13_y,0.00000000
1756,t10_kp14_x,0.00000000
1757,t29_kp31_x,0.00000000
1758,t29_kp31_y,0.00000000
1759,t29_kp32_y,0.00000000
1760,t30_kp00_y,0.00000000
1761,t30_kp01_x,0.00000000
1762,t30_kp02_x,0.00000000
1763,t30_kp02_y,0.00000000
1764,t30_kp07_x,0.00000000
1765,t11_kp15_y,0.00000000
1766,t11_kp16_x,0.00000000
1767,t11_kp16_y,0.00000000
1768,t11_kp17_x,0.00000000
1769,t11_kp17_y,0.00000000
1770,t11_kp18_x,0.00000000
1771,t11_kp18_y,0.00000000
1772,t11_kp19_x,0.00000000
1773,t29_kp24_x,0.00000000
1774,t11_kp10_x,0.00000000
1775,t11_kp11_x,0.00000000
1776,t11_kp13_x,0.00000000
1777,t11_kp13_y,0.00000000
1778,t11_kp14_x,0.00000000
1779,t11_kp14_y,0.00000000
1780,t29_kp16_y,0.00000000
1781,t29_kp17_x,0.00000000
1782,t29_kp18_y,0.00000000
1783,t29_kp19_y,0.00000000
1784,t29_kp20_y,0.00000000
1785,t29_kp24_y,0.00000000
1786,t29_kp09_x,0.00000000
1787,t10_kp24_x,0.00000000
1788,t10_kp25_x,0.00000000
1789,t10_kp26_y,0.00000000
1790,t10_kp27_y,0.00000000
1791,t10_kp29_y,0.00000000
1792,t10_kp30_y,0.00000000
1793,t10_kp32_y,0.00000000
1794,t10_kp19_y,0.00000000
1795,t10_kp20_x,0.00000000
1796,t10_kp19_x,0.00000000
1797,t10_kp21_x,0.00000000
1798,t10_kp21_y,0.00000000
1799,t10_kp23_x,0.00000000
1800,t10_kp23_y,0.00000000
1801,t10_kp15_y,0.00000000
1802,t10_kp16_y,0.00000000
1803,t10_kp17_x,0.00000000
1804,t10_kp17_y,0.00000000
1805,t10_kp18_x,0.00000000
1806,t10_kp18_y,0.00000000
1807,t10_kp20_y,0.00000000
1808,t09_kp09_x,0.00000000
1809,t08_kp28_x,0.00000000
1810,t08_kp28_y,0.00000000
1811,t08_kp29_y,0.00000000
1812,t33_kp22_y,0.00000000
1813,t08_kp31_y,0.00000000
1814,t08_kp32_x,0.00000000
1815,t08_kp21_y,0.00000000
1816,t08_kp22_y,0.00000000
1817,t09_kp27_y,0.00000000
1818,t08_kp24_y,0.00000000
1819,t08_kp25_x,0.00000000
1820,t08_kp26_x,0.00000000
1821,t08_kp27_y,0.00000000
1822,t09_kp21_x,0.00000000
1823,t09_kp21_y,0.00000000
1824,t09_kp22_x,0.00000000
1825,t09_kp22_y,0.00000000
1826,t09_kp23_y,0.00000000
1827,t09_kp25_x,0.00000000
1828,t08_kp23_y,0.00000000
1829,t31_kp09_x,0.00000000
1830,t31_kp10_x,0.00000000
1831,t31_kp11_x,0.00000000
1832,t31_kp11_y,0.00000000
1833,t31_kp31_y,0.00000000
1834,t32_kp03_x,0.00000000
1835,t32_kp04_x,0.00000000
1836,t32_kp05_x,0.00000000
1837,t09_kp10_x,0.00000000
1838,t09_kp10_y,0.00000000
1839,t09_kp08_x,0.00000000
1840,t30_kp24_y,0.00000000
1841,t30_kp25_x,0.00000000
1842,t30_kp28_y,0.00000000
1843,t30_kp29_y,0.00000000
1844,t09_kp01_x,0.00000000
1845,t09_kp02_y,0.00000000
1846,t09_kp04_x,0.00000000
1847,t09_kp04_y,0.00000000
1848,t09_kp06_x,0.00000000
1849,t09_kp07_x,0.00000000
1850,t09_kp11_x,0.00000000
1851,t31_kp02_y,0.00000000
1852,t09_kp32_x,0.00000000
1853,t10_kp01_y,0.00000000
1854,t10_kp02_x,0.00000000
1855,t10_kp02_y,0.00000000
1856,t10_kp03_x,0.00000000
1857,t30_kp18_y,0.00000000
1858,t30_kp19_x,0.00000000
1859,t30_kp20_y,0.00000000
1860,t30_kp21_y,0.00000000
1861,t09_kp26_y,0.00000000
1862,t30_kp23_x,0.00000000
1863,t09_kp29_y,0.00000000
1864,t30_kp11_y,0.00000000
1865,t30_kp12_x,0.00000000
1866,t30_kp13_x,0.00000000
1867,t30_kp13_y,0.00000000
1868,t30_kp14_x,0.00000000
1869,t30_kp14_y,0.00000000
1870,t30_kp16_y,0.00000000
1871,t30_kp18_x,0.00000000
1872,t30_kp22_x,0.00000000
1873,t09_kp14_y,0.00000000
1874,t09_kp15_x,0.00000000
1875,t09_kp15_y,0.00000000
1876,t09_kp16_y,0.00000000
1877,t09_kp17_x,0.00000000
1878,t09_kp17_y,0.00000000
1879,t09_kp18_x,0.00000000
1880,t09_kp19_x,0.00000000
1881,t31_kp03_y,0.00000000
1882,t31_kp04_x,0.00000000
1883,t31_kp01_y,0.00000000
1884,t31_kp05_y,0.00000000
1885,t31_kp06_x,0.00000000
1886,t31_kp06_y,0.00000000
1887,t09_kp13_y,0.00000000
1888,t30_kp30_x,0.00000000
1889,t30_kp30_y,0.00000000
1890,t30_kp31_x,0.00000000
1891,t30_kp32_y,0.00000000
1892,t31_kp00_y,0.00000000
1893,t31_kp01_x,0.00000000
1894,t31_kp05_x,0.00000000
1895,t03_kp00_x,0.00000000
1896,t03_kp01_x,0.00000000
1897,t38_kp24_y,0.00000000
1898,t38_kp25_x,0.00000000
1899,t02_kp22_x,0.00000000
1900,t02_kp23_y,0.00000000
1901,t02_kp24_y,0.00000000
1902,t02_kp25_y,0.00000000
1903,t02_kp27_y,0.00000000
1904,t34_kp18_x,0.00000000
1905,t02_kp28_y,0.00000000
1906,t39_kp04_x,0.00000000
1907,t39_kp06_x,0.00000000
1908,t39_kp08_x,0.00000000
1909,t39_kp10_x,0.00000000
1910,t39_kp10_y,0.00000000
1911,t39_kp14_x,0.00000000
1912,t02_kp20_y,0.00000000
1913,t39_kp27_y,0.00000000
1914,t39_kp28_x,0.00000000
1915,t02_kp28_x,0.00000000
1916,t02_kp14_y,0.00000000
1917,t02_kp15_y,0.00000000
1918,t02_kp18_x,0.00000000
1919,t02_kp18_y,0.00000000
1920,t39_kp31_x,0.00000000
1921,t40_kp28_x,0.00000000
1922,t40_kp29_x,0.00000000
1923,t40_kp29_y,0.00000000
1924,t02_kp07_x,0.00000000
1925,t02_kp09_x,0.00000000
1926,t02_kp32_y,0.00000000
1927,t40_kp14_x,0.00000000
1928,t40_kp17_x,0.00000000
1929,t40_kp24_x,0.00000000
1930,t40_kp24_y,0.00000000
1931,t40_kp25_x,0.00000000
1932,t40_kp25_y,0.00000000
1933,t40_kp26_x,0.00000000
1934,t02_kp30_y,0.00000000
1935,t02_kp31_x,0.00000000
1936,t02_kp31_y,0.00000000
1937,t02_kp11_x,0.00000000
1938,t38_kp03_x,0.00000000
1939,t38_kp04_x,0.00000000
1940,t38_kp07_x,0.00000000
1941,t38_kp08_x,0.00000000
1942,t38_kp14_x,0.00000000
1943,t38_kp14_y,0.00000000
1944,t38_kp26_x,0.00000000
1945,t38_kp26_y,0.00000000
1946,t38_kp29_x,0.00000000
1947,t38_kp30_x,0.00000000
1948,t39_kp28_y,0.00000000
1949,t38_kp31_y,0.00000000
1950,t03_kp28_x,0.00000000
1951,t03_kp30_y,0.00000000
1952,t03_kp31_x,0.00000000
1953,t03_kp31_y,0.00000000
1954,t03_kp32_x,0.00000000
1955,t04_kp00_x,0.00000000
1956,t03_kp19_x,0.00000000
1957,t03_kp20_x,0.00000000
1958,t03_kp20_y,0.00000000
1959,t38_kp30_y,0.00000000
1960,t39_kp29_x,0.00000000
1961,t39_kp29_y,0.00000000
1962,t39_kp30_y,0.00000000
1963,t38_kp32_x,0.00000000
1964,t39_kp00_x,0.00000000
1965,t03_kp17_y,0.00000000
1966,t03_kp18_y,0.00000000
1967,t37_kp18_x,0.00000000
1968,t37_kp19_x,0.00000000
1969,t37_kp23_y,0.00000000
1970,t38_kp01_x,0.00000000
1971,t37_kp25_x,0.00000000
1972,t37_kp25_y,0.00000000
1973,t03_kp03_x,0.00000000
1974,t03_kp06_x,0.00000000
1975,t03_kp12_x,0.00000000
1976,t03_kp13_x,0.00000000
1977,t03_kp13_y,0.00000000
1978,t03_kp14_x,0.00000000
1979,t03_kp14_y,0.00000000
1980,t03_kp16_y,0.00000000
1981,t37_kp24_x,0.00000000
1982,t00_kp02_x,0.00000000
1983,t44_kp30_y,0.00000000
1984,t00_kp03_x,0.00000000
1985,t44_kp30_x,0.00000000
1986,t22_kp31_x,0.00000000
1987,t01_kp16_y,0.00000000
1988,t01_kp17_y,0.00000000
1989,t01_kp18_y,0.00000000
1990,t01_kp20_y,0.00000000
1991,t41_kp30_x,0.00000000
1992,t02_kp14_x,0.00000000
1993,t42_kp25_x,0.00000000
1994,t42_kp26_x,0.00000000
1995,t42_kp27_x,0.00000000
1996,t01_kp06_x,0.00000000
1997,t01_kp10_x,0.00000000
1998,t01_kp11_x,0.00000000
1999,t01_kp13_x,0.00000000
2000,t01_kp14_y,0.00000000
2001,t42_kp32_x,0.00000000
2002,t42_kp32_y,0.00000000
2003,t41_kp31_x,0.00000000
2004,t43_kp29_y,0.00000000
2005,t43_kp30_y,0.00000000
2006,t43_kp31_x,0.00000000
2007,t43_kp32_x,0.00000000
2008,t43_kp32_y,0.00000000
2009,t00_kp27_y,0.00000000
2010,t00_kp28_y,0.00000000
2011,t00_kp30_y,0.00000000
2012,t01_kp01_x,0.00000000
2013,t01_kp03_x,0.00000000
2014,t44_kp31_x,0.00000000
2015,t44_kp29_x,0.00000000
2016,t44_kp28_y,0.00000000
2017,t44_kp26_x,0.00000000
2018,t00_kp23_y,0.00000000
2019,t00_kp24_y,0.00000000
2020,t00_kp25_y,0.00000000
2021,t00_kp26_y,0.00000000
2022,t22_kp31_y,0.00000000
2023,t44_kp31_y,0.00000000
2024,t00_kp01_x,0.00000000
2025,t43_kp28_x,0.00000000
2026,t41_kp28_y,0.00000000
2027,t40_kp30_x,0.00000000
2028,t40_kp30_y,0.00000000
2029,t40_kp31_y,0.00000000
2030,t40_kp32_x,0.00000000
2031,t40_kp32_y,0.00000000
2032,t41_kp01_x,0.00000000
2033,t41_kp32_x,0.00000000
2034,t41_kp32_y,0.00000000
2035,t42_kp02_x,0.00000000
2036,t43_kp00_x,0.00000000
2037,t41_kp20_x,0.00000000
2038,t39_kp32_x,0.00000000
2039,t39_kp32_y,0.00000000
2040,t40_kp02_x,0.00000000
2041,t40_kp04_x,0.00000000
2042,t39_kp17_x,0.00000000
2043,t39_kp25_x,0.00000000
2044,t39_kp26_x,0.00000000
2045,t02_kp13_x,0.00000000
2046,t02_kp13_y,0.00000000
2047,t41_kp16_x,0.00000000
2048,t42_kp14_x,0.00000000
2049,t42_kp16_x,0.00000000
2050,t42_kp18_x,0.00000000
2051,t42_kp22_x,0.00000000
2052,t42_kp24_x,0.00000000
2053,t00_kp11_x,0.00000000
2054,t43_kp14_y,0.00000000
2055,t43_kp16_x,0.00000000
2056,t43_kp18_x,0.00000000
2057,t43_kp24_x,0.00000000
2058,t41_kp26_x,0.00000000
2059,t42_kp29_y,0.00000000
2060,t01_kp29_y,0.00000000
2061,t01_kp30_y,0.00000000
2062,t01_kp31_x,0.00000000
2063,t01_kp31_y,0.00000000
2064,t02_kp00_x,0.00000000
2065,t02_kp03_x,0.00000000
2066,t01_kp24_y,0.00000000
2067,t01_kp25_y,0.00000000
2068,t01_kp28_y,0.00000000
2069,t42_kp29_x,0.00000000
2070,t34_kp32_x,0.00000000
2071,t35_kp00_x,0.00000000
2072,t35_kp00_y,0.00000000
2073,t35_kp01_x,0.00000000
2074,t35_kp01_y,0.00000000
2075,t34_kp24_x,0.00000000
2076,t34_kp26_x,0.00000000
2077,t34_kp27_x,0.00000000
2078,t34_kp27_y,0.00000000
2079,t34_kp28_x,0.00000000
2080,t03_kp23_y,0.00000000
2081,t34_kp29_x,0.00000000
2082,t34_kp29_y,0.00000000
2083,t05_kp14_y,0.00000000
2084,t05_kp15_y,0.00000000
2085,t05_kp16_y,0.00000000
2086,t34_kp20_y,0.00000000
2087,t34_kp23_x,0.00000000
2088,t34_kp23_y,0.00000000
2089,t34_kp18_y,0.00000000
2090,t06_kp00_x,0.00000000
2091,t34_kp28_y,0.00000000
2092,t35_kp04_y,0.00000000
2093,t35_kp05_x,0.00000000
2094,t35_kp05_y,0.00000000
2095,t35_kp06_x,0.00000000
2096,t35_kp06_y,0.00000000
2097,t35_kp07_x,0.00000000
2098,t35_kp07_y,0.00000000
2099,t35_kp08_x,0.00000000
2100,t04_kp25_y,0.00000000
2101,t04_kp27_y,0.00000000
2102,t34_kp30_y,0.00000000
2103,t04_kp29_x,0.00000000
2104,t04_kp29_y,0.00000000
2105,t04_kp30_y,0.00000000
2106,t04_kp32_y,0.00000000
2107,t05_kp17_x,0.00000000
2108,t05_kp18_x,0.00000000
2109,t05_kp19_x,0.00000000
2110,t05_kp21_x,0.00000000
2111,t05_kp21_y,0.00000000
2112,t34_kp30_x,0.00000000
2113,t04_kp28_x,0.00000000
2114,t05_kp24_y,0.00000000
2115,t05_kp25_y,0.00000000
2116,t05_kp26_y,0.00000000
2117,t05_kp28_y,0.00000000
2118,t05_kp29_y,0.00000000
2119,t05_kp30_y,0.00000000
2120,t05_kp31_y,0.00000000
2121,t34_kp03_y,0.00000000
2122,t06_kp17_y,0.00000000
2123,t06_kp19_y,0.00000000
2124,t06_kp01_x,0.00000000
2125,t06_kp21_y,0.00000000
2126,t06_kp23_y,0.00000000
2127,t33_kp31_x,0.00000000
2128,t33_kp31_y,0.00000000
2129,t33_kp32_x,0.00000000
2130,t33_kp32_y,0.00000000
2131,t34_kp00_x,0.00000000
2132,t34_kp00_y,0.00000000
2133,t34_kp01_y,0.00000000
2134,t34_kp02_y,0.00000000
2135,t06_kp20_x,0.00000000
2136,t06_kp02_x,0.00000000
2137,t06_kp04_x,0.00000000
2138,t06_kp06_x,0.00000000
2139,t06_kp07_x,0.00000000
2140,t06_kp08_x,0.00000000
2141,t34_kp10_y,0.00000000
2142,t34_kp11_x,0.00000000
2143,t34_kp11_y,0.00000000
2144,t34_kp12_x,0.00000000
2145,t34_kp14_x,0.00000000
2146,t05_kp23_y,0.00000000
2147,t34_kp15_x,0.00000000
2148,t29_kp21_x,0.00000000
2149,t05_kp32_y,0.00000000
2150,t34_kp04_y,0.00000000
2151,t34_kp05_y,0.00000000
2152,t34_kp07_y,0.00000000
2153,t34_kp08_y,0.00000000
2154,t34_kp09_x,0.00000000
2155,t34_kp09_y,0.00000000
2156,t34_kp10_x,0.00000000
2157,t34_kp14_y,0.00000000
2158,t36_kp08_x,0.00000000
2159,t36_kp08_y,0.00000000
2160,t04_kp06_x,0.00000000
2161,t04_kp07_x,0.00000000
2162,t04_kp08_x,0.00000000
2163,t04_kp11_x,0.00000000
2164,t04_kp13_x,0.00000000
2165,t04_kp14_x,0.00000000
2166,t04_kp14_y,0.00000000
2167,t04_kp15_y,0.00000000
2168,t05_kp01_x,0.00000000
2169,t36_kp29_x,0.00000000
2170,t36_kp31_x,0.00000000
2171,t36_kp31_y,0.00000000
2172,t36_kp32_x,0.00000000
2173,t37_kp00_y,0.00000000
2174,t04_kp03_x,0.00000000
2175,t04_kp00_y,0.00000000
2176,t36_kp22_x,0.00000000
2177,t36_kp24_y,0.00000000
2178,t36_kp25_x,0.00000000
2179,t36_kp28_x,0.00000000
2180,t03_kp24_y,0.00000000
2181,t03_kp27_y,0.00000000
2182,t37_kp32_x,0.00000000
2183,t37_kp05_y,0.00000000
2184,t37_kp08_y,0.00000000
2185,t37_kp09_x,0.00000000
2186,t37_kp10_y,0.00000000
2187,t37_kp11_y,0.00000000
2188,t37_kp14_x,0.00000000
2189,t37_kp26_x,0.00000000
2190,t36_kp07_y,0.00000000
2191,t37_kp27_y,0.00000000
2192,t37_kp28_y,0.00000000
2193,t37_kp29_x,0.00000000
2194,t37_kp29_y,0.00000000
2195,t37_kp31_x,0.00000000
2196,t04_kp16_x,0.00000000
2197,t04_kp17_x,0.00000000
2198,t36_kp03_y,0.00000000
2199,t36_kp04_y,0.00000000
2200,t36_kp05_y,0.00000000
2201,t37_kp27_x,0.00000000
2202,t36_kp09_x,0.00000000
2203,t36_kp13_x,0.00000000
2204,t36_kp14_x,0.00000000
2205,t36_kp15_x,0.00000000
2206,t36_kp17_x,0.00000000
2207,t35_kp20_y,0.00000000
2208,t35_kp21_x,0.00000000
2209,t35_kp23_y,0.00000000
2210,t05_kp03_x,0.00000000
2211,t05_kp04_x,0.00000000
2212,t36_kp25_y,0.00000000
2213,t05_kp10_x,0.00000000
2214,t05_kp12_x,0.00000000
2215,t05_kp13_x,0.00000000
2216,t05_kp13_y,0.00000000
2217,t05_kp14_x,0.00000000
2218,t35_kp11_x,0.00000000
2219,t35_kp11_y,0.00000000
2220,t35_kp12_x,0.00000000
2221,t35_kp14_x,0.00000000
2222,t35_kp14_y,0.00000000
2223,t05_kp05_x,0.00000000
2224,t36_kp26_x,0.00000000
2225,t36_kp27_x,0.00000000
2226,t36_kp01_x,0.00000000
2227,t04_kp20_x,0.00000000
2228,t04_kp21_y,0.00000000
2229,t04_kp23_y,0.00000000
2230,t35_kp30_x,0.00000000
2231,t35_kp30_y,0.00000000
2232,t35_kp31_x,0.00000000
2233,t35_kp31_y,0.00000000
2234,t35_kp29_x,0.00000000
2235,t35_kp32_y,0.00000000
2236,t36_kp00_x,0.00000000
2237,t36_kp00_y,0.00000000
2238,t35_kp24_y,0.00000000
2239,t35_kp25_y,0.00000000
2240,t35_kp26_x,0.00000000
2241,t35_kp27_x,0.00000000
2242,t35_kp27_y,0.00000000
2243,t35_kp28_x,0.00000000
2244,t35_kp28_y,0.00000000
2245,t35_kp32_x,0.00000000
2246,t24_kp20_y,0.00000000
2247,t19_kp00_x,0.00000000
2248,t19_kp00_y,0.00000000
2249,t19_kp01_y,0.00000000
2250,t19_kp02_x,0.00000000
2251,t19_kp02_y,0.00000000
2252,t24_kp14_x,0.00000000
2253,t24_kp15_x,0.00000000
2254,t24_kp15_y,0.00000000
2255,t19_kp23_x,0.00000000
2256,t29_kp02_y,0.00000000
2257,t19_kp25_y,0.00000000
2258,t19_kp26_x,0.00000000
2259,t19_kp26_y,0.00000000
2260,t19_kp28_x,0.00000000
2261,t19_kp28_y,0.00000000
2262,t19_kp29_x,0.00000000
2263,t19_kp18_y,0.00000000
2264,t19_kp19_x,0.00000000
2265,t19_kp19_y,0.00000000
2266,t19_kp20_x,0.00000000
2267,t19_kp23_y,0.00000000
2268,t24_kp28_y,0.00000000
2269,t24_kp29_x,0.00000000
2270,t24_kp29_y,0.00000000
2271,t19_kp03_y,0.00000000
2272,t19_kp04_x,0.00000000
2273,t19_kp04_y,0.00000000
2274,t19_kp05_x,0.00000000
2275,t19_kp05_y,0.00000000
2276,t24_kp21_x,0.00000000
2277,t24_kp22_y,0.00000000
2278,t24_kp19_y,0.00000000
2279,t24_kp24_y,0.00000000
2280,t24_kp25_x,0.00000000
2281,t24_kp26_x,0.00000000
2282,t24_kp26_y,0.00000000
2283,t24_kp27_y,0.00000000
2284,t24_kp16_y,0.00000000
2285,t24_kp17_x,0.00000000
2286,t24_kp17_y,0.00000000
2287,t24_kp18_x,0.00000000
2288,t24_kp18_y,0.00000000
2289,t24_kp19_x,0.00000000
2290,t24_kp23_y,0.00000000
2291,t24_kp13_y,0.00000000
2292,t24_kp06_x,0.00000000
2293,t24_kp06_y,0.00000000
2294,t24_kp07_x,0.00000000
2295,t24_kp07_y,0.00000000
2296,t24_kp08_x,0.00000000
2297,t24_kp08_y,0.00000000
2298,t24_kp09_x,0.00000000
2299,t24_kp09_y,0.00000000
2300,t24_kp01_y,0.00000000
2301,t19_kp20_y,0.00000000
2302,t24_kp02_y,0.00000000
2303,t24_kp03_y,0.00000000
2304,t24_kp04_x,0.00000000
2305,t24_kp04_y,0.00000000
2306,t24_kp05_y,0.00000000
2307,t19_kp30_y,0.00000000
2308,t19_kp31_x,0.00000000
2309,t19_kp32_y,0.00000000
2310,t20_kp00_y,0.00000000
2311,t20_kp01_y,0.00000000
2312,t24_kp02_x,0.00000000
2313,t19_kp21_x,0.00000000
2314,t19_kp21_y,0.00000000
2315,t19_kp22_y,0.00000000
2316,t19_kp12_x,0.00000000
2317,t19_kp13_x,0.00000000
2318,t19_kp13_y,0.00000000
2319,t19_kp15_y,0.00000000
2320,t19_kp16_y,0.00000000
2321,t19_kp17_y,0.00000000
2322,t19_kp06_x,0.00000000
2323,t24_kp13_x,0.00000000
2324,t19_kp08_x,0.00000000
2325,t19_kp08_y,0.00000000
2326,t19_kp09_x,0.00000000
2327,t19_kp09_y,0.00000000
2328,t19_kp10_y,0.00000000
2329,t19_kp11_y,0.00000000
2330,t24_kp10_y,0.00000000
2331,t24_kp11_x,0.00000000
2332,t24_kp11_y,0.00000000
2333,t24_kp12_x,0.00000000
2334,t24_kp12_y,0.00000000
2335,t19_kp07_y,0.00000000
2336,t17_kp22_y,0.00000000
2337,t17_kp13_y,0.00000000
2338,t17_kp14_x,0.00000000
2339,t17_kp14_y,0.00000000
2340,t17_kp15_y,0.00000000
2341,t17_kp16_x,0.00000000
2342,t17_kp16_y,0.00000000
2343,t17_kp17_x,0.00000000
2344,t17_kp17_y,0.00000000
2345,t25_kp12_y,0.00000000
2346,t18_kp13_y,0.00000000
2347,t18_kp04_y,0.00000000
2348,t18_kp05_x,0.00000000
2349,t18_kp05_y,0.00000000
2350,t18_kp06_x,0.00000000
2351,t18_kp06_y,0.00000000
2352,t18_kp07_y,0.00000000
2353,t25_kp06_y,0.00000000
2354,t25_kp07_y,0.00000000
2355,t25_kp08_x,0.00000000
2356,t25_kp08_y,0.00000000
2357,t18_kp04_x,0.00000000
2358,t25_kp15_y,0.00000000
2359,t17_kp28_y,0.00000000
2360,t17_kp29_x,0.00000000
2361,t17_kp29_y,0.00000000
2362,t17_kp30_y,0.00000000
2363,t17_kp31_x,0.00000000
2364,t17_kp32_x,0.00000000
2365,t18_kp00_y,0.00000000
2366,t18_kp01_x,0.00000000
2367,t17_kp23_y,0.00000000
2368,t17_kp22_x,0.00000000
2369,t17_kp25_x,0.00000000
2370,t17_kp25_y,0.00000000
2371,t17_kp26_x,0.00000000
2372,t17_kp27_x,0.00000000
2373,t17_kp27_y,0.00000000
2374,t17_kp18_y,0.00000000
2375,t17_kp19_x,0.00000000
2376,t17_kp19_y,0.00000000
2377,t17_kp20_x,0.00000000
2378,t17_kp20_y,0.00000000
2379,t17_kp21_y,0.00000000
2380,t17_kp24_y,0.00000000
2381,t18_kp32_y,0.00000000
2382,t18_kp20_x,0.00000000
2383,t18_kp20_y,0.00000000
2384,t18_kp21_y,0.00000000
2385,t18_kp22_y,0.00000000
2386,t18_kp24_x,0.00000000
2387,t18_kp24_y,0.00000000
2388,t18_kp25_y,0.00000000
2389,t18_kp26_y,0.00000000
2390,t18_kp14_y,0.00000000
2391,t25_kp09_x,0.00000000
2392,t18_kp15_y,0.00000000
2393,t18_kp16_y,0.00000000
2394,t18_kp17_y,0.00000000
2395,t18_kp19_y,0.00000000
2396,t18_kp08_x,0.00000000
2397,t18_kp08_y,0.00000000
2398,t18_kp09_x,0.00000000
2399,t18_kp09_y,0.00000000
2400,t18_kp10_y,0.00000000
2401,t18_kp11_y,0.00000000
2402,t18_kp12_y,0.00000000
2403,t18_kp15_x,0.00000000
2404,t25_kp09_y,0.00000000
2405,t25_kp10_y,0.00000000
2406,t25_kp00_y,0.00000000
2407,t25_kp01_y,0.00000000
2408,t25_kp02_x,0.00000000
2409,t25_kp03_x,0.00000000
2410,t25_kp04_x,0.00000000
2411,t25_kp04_y,0.00000000
2412,t25_kp05_y,0.00000000
2413,t25_kp06_x,0.00000000
2414,t18_kp32_x,0.00000000
2415,t18_kp02_x,0.00000000
2416,t18_kp02_y,0.00000000
2417,t18_kp03_x,0.00000000
2418,t24_kp30_y,0.00000000
2419,t24_kp31_y,0.00000000
2420,t24_kp32_y,0.00000000
2421,t25_kp00_x,0.00000000
2422,t18_kp28_y,0.00000000
2423,t18_kp30_y,0.00000000
2424,t18_kp31_x,0.00000000
2425,t18_kp31_y,0.00000000
2426,t18_kp01_y,0.00000000
2427,t21_kp19_y,0.00000000
2428,t21_kp20_x,0.00000000
2429,t21_kp20_y,0.00000000
2430,t21_kp22_x,0.00000000
2431,t21_kp23_y,0.00000000
2432,t21_kp24_x,0.00000000
2433,t21_kp24_y,0.00000000
2434,t21_kp25_x,0.00000000
2435,t00_kp06_x,0.00000000
2436,t23_kp08_y,0.00000000
2437,t23_kp31_y,0.00000000
2438,t23_kp11_x,0.00000000
2439,t23_kp11_y,0.00000000
2440,t23_kp12_y,0.00000000
2441,t23_kp13_x,0.00000000
2442,t23_kp13_y,0.00000000
2443,t23_kp03_x,0.00000000
2444,t23_kp03_y,0.00000000
2445,t23_kp04_y,0.00000000
2446,t23_kp05_y,0.00000000
2447,t23_kp06_x,0.00000000
2448,t23_kp09_y,0.00000000
2449,t22_kp03_y,0.00000000
2450,t22_kp04_x,0.00000000
2451,t22_kp04_y,0.00000000
2452,t22_kp05_y,0.00000000
2453,t22_kp06_x,0.00000000
2454,t22_kp06_y,0.00000000
2455,t22_kp07_y,0.00000000
2456,t22_kp08_x,0.00000000
2457,t21_kp31_y,0.00000000
2458,t21_kp32_y,0.00000000
2459,t21_kp30_y,0.00000000
2460,t22_kp01_x,0.00000000
2461,t22_kp01_y,0.00000000
2462,t22_kp02_x,0.00000000
2463,t22_kp02_y,0.00000000
2464,t22_kp03_x,0.00000000
2465,t21_kp26_x,0.00000000
2466,t21_kp26_y,0.00000000
2467,t21_kp27_y,0.00000000
2468,t21_kp28_x,0.00000000
2469,t21_kp28_y,0.00000000
2470,t21_kp29_y,0.00000000
2471,t22_kp00_x,0.00000000
2472,t44_kp25_x,0.00000000
2473,t44_kp32_x,0.00000000
2474,t23_kp08_x,0.00000000
2475,t43_kp14_x,0.00000000
2476,t43_kp29_x,0.00000000
2477,t22_kp08_y,0.00000000
2478,t01_kp15_x,0.00000000
2479,t23_kp14_x,0.00000000
2480,t23_kp14_y,0.00000000
2481,t22_kp16_y,0.00000000
2482,t23_kp06_y,0.00000000
2483,t22_kp18_y,0.00000000
2484,t22_kp19_x,0.00000000
2485,t22_kp20_x,0.00000000
2486,t22_kp21_x,0.00000000
2487,t22_kp21_y,0.00000000
2488,t22_kp22_x,0.00000000
2489,t22_kp23_x,0.00000000
2490,t22_kp23_y,0.00000000
2491,t22_kp24_y,0.00000000
2492,t22_kp27_x,0.00000000
2493,t22_kp17_x,0.00000000
2494,t23_kp07_x,0.00000000
2495,t23_kp07_y,0.00000000
2496,t22_kp14_x,0.00000000
2497,t22_kp14_y,0.00000000
2498,t22_kp15_x,0.00000000
2499,t23_kp01_x,0.00000000
2500,t23_kp01_y,0.00000000
2501,t23_kp02_x,0.00000000
2502,t23_kp02_y,0.00000000
2503,t22_kp30_y,0.00000000
2504,t44_kp22_x,0.00000000
2505,t22_kp10_x,0.00000000
2506,t22_kp11_y,0.00000000
2507,t22_kp12_x,0.00000000
2508,t22_kp12_y,0.00000000
2509,t22_kp13_x,0.00000000
2510,t22_kp13_y,0.00000000
2511,t00_kp13_y,0.00000000
2512,t00_kp15_y,0.00000000
2513,t00_kp16_x,0.00000000
2514,t44_kp14_x,0.00000000
2515,t44_kp20_x,0.00000000
2516,t22_kp09_y,0.00000000
2517,t20_kp11_y,0.00000000
2518,t20_kp12_x,0.00000000
2519,t20_kp02_x,0.00000000
2520,t20_kp02_y,0.00000000
2521,t20_kp03_x,0.00000000
2522,t20_kp04_x,0.00000000
2523,t20_kp04_y,0.00000000
2524,t20_kp06_x,0.00000000
2525,t20_kp06_y,0.00000000
2526,t20_kp07_y,0.00000000
2527,t21_kp16_y,0.00000000
2528,t21_kp09_y,0.00000000
2529,t21_kp10_y,0.00000000
2530,t21_kp11_x,0.00000000
2531,t21_kp11_y,0.00000000
2532,t21_kp12_x,0.00000000
2533,t21_kp12_y,0.00000000
2534,t21_kp01_y,0.00000000
2535,t21_kp02_y,0.00000000
2536,t21_kp03_x,0.00000000
2537,t21_kp03_y,0.00000000
2538,t21_kp08_y,0.00000000
2539,t23_kp32_y,0.00000000
2540,t24_kp00_y,0.00000000
2541,t20_kp18_x,0.00000000
2542,t20_kp18_y,0.00000000
2543,t20_kp19_x,0.00000000
2544,t20_kp20_x,0.00000000
2545,t20_kp20_y,0.00000000
2546,t20_kp21_x,0.00000000
2547,t20_kp21_y,0.00000000
2548,t20_kp12_y,0.00000000
2549,t20_kp10_y,0.00000000
2550,t20_kp14_y,0.00000000
2551,t20_kp15_x,0.00000000
2552,t20_kp15_y,0.00000000
2553,t20_kp16_y,0.00000000
2554,t20_kp17_x,0.00000000
2555,t20_kp17_y,0.00000000
2556,t20_kp08_x,0.00000000
2557,t20_kp08_y,0.00000000
2558,t20_kp09_x,0.00000000
2559,t20_kp09_y,0.00000000
2560,t20_kp10_x,0.00000000
2561,t20_kp13_y,0.00000000
2562,t23_kp20_y,0.00000000
2563,t23_kp21_y,0.00000000
2564,t23_kp22_x,0.00000000
2565,t23_kp22_y,0.00000000
2566,t23_kp23_x,0.00000000
2567,t23_kp23_y,0.00000000
2568,t23_kp25_x,0.00000000
2569,t23_kp25_y,0.00000000
2570,t23_kp15_x,0.00000000
2571,t23_kp15_y,0.00000000
2572,t21_kp06_x,0.00000000
2573,t23_kp17_y,0.00000000
2574,t23_kp18_x,0.00000000
2575,t23_kp18_y,0.00000000
2576,t23_kp19_x,0.00000000
2577,t21_kp13_x,0.00000000
2578,t21_kp13_y,0.00000000
2579,t21_kp14_x,0.00000000
2580,t21_kp14_y,0.00000000
2581,t21_kp15_x,0.00000000
2582,t21_kp15_y,0.00000000
2583,t21_kp16_x,0.00000000
2584,t23_kp17_x,0.00000000
2585,t21_kp06_y,0.00000000
2586,t21_kp07_y,0.00000000
2587,t21_kp08_x,0.00000000
2588,t20_kp28_y,0.00000000
2589,t20_kp29_y,0.00000000
2590,t20_kp30_y,0.00000000
2591,t20_kp31_y,0.00000000
2592,t20_kp32_y,0.00000000
2593,t21_kp00_x,0.00000000
2594,t21_kp00_y,0.00000000
2595,t21_kp18_x,0.00000000
2596,t20_kp22_y,0.00000000
2597,t20_kp23_x,0.00000000
2598,t20_kp23_y,0.00000000
2599,t20_kp25_y,0.00000000
2600,t20_kp28_x,0.00000000
2601,t23_kp27_y,0.00000000
2602,t23_kp28_y,0.00000000
2603,t23_kp29_y,0.00000000
2604,t23_kp30_y,0.00000000
2605,t21_kp17_x,0.00000000
2606,t21_kp17_y,0.00000000
2607,t21_kp01_x,0.00000000
2608,t28_kp04_y,0.00000000
2609,t28_kp05_y,0.00000000
2610,t28_kp07_x,0.00000000
2611,t28_kp07_y,0.00000000
2612,t28_kp08_y,0.00000000
2613,t28_kp09_x,0.00000000
2614,t28_kp09_y,0.00000000
2615,t27_kp30_x,0.00000000
2616,t27_kp30_y,0.00000000
2617,t28_kp00_y,0.00000000
2618,t25_kp15_x,0.00000000
2619,t28_kp01_y,0.00000000
2620,t28_kp02_x,0.00000000
2621,t28_kp03_y,0.00000000
2622,t28_kp04_x,0.00000000
2623,t13_kp28_x,0.00000000
2624,t13_kp28_y,0.00000000
2625,t13_kp29_y,0.00000000
2626,t13_kp30_y,0.00000000
2627,t13_kp31_x,0.00000000
2628,t13_kp31_y,0.00000000
2629,t28_kp01_x,0.00000000
2630,t12_kp24_y,0.00000000
2631,t12_kp25_y,0.00000000
2632,t28_kp11_y,0.00000000
2633,t28_kp13_x,0.00000000
2634,t28_kp13_y,0.00000000
2635,t28_kp14_x,0.00000000
2636,t28_kp15_y,0.00000000
2637,t13_kp15_y,0.00000000
2638,t13_kp16_x,0.00000000
2639,t13_kp16_y,0.00000000
2640,t13_kp15_x,0.00000000
2641,t13_kp18_x,0.00000000
2642,t13_kp18_y,0.00000000
2643,t13_kp20_y,0.00000000
2644,t13_kp21_y,0.00000000
2645,t13_kp09_x,0.00000000
2646,t13_kp09_y,0.00000000
2647,t13_kp10_y,0.00000000
2648,t13_kp11_y,0.00000000
2649,t13_kp12_x,0.00000000
2650,t13_kp13_y,0.00000000
2651,t13_kp14_y,0.00000000
2652,t13_kp17_y,0.00000000
2653,t27_kp05_x,0.00000000
2654,t27_kp05_y,0.00000000
2655,t27_kp06_x,0.00000000
2656,t27_kp06_y,0.00000000
2657,t27_kp07_x,0.00000000
2658,t27_kp07_y,0.00000000
2659,t27_kp08_y,0.00000000
2660,t27_kp09_x,0.00000000
2661,t26_kp30_y,0.00000000
2662,t26_kp31_x,0.00000000
2663,t27_kp20_x,0.00000000
2664,t27_kp00_x,0.00000000
2665,t27_kp00_y,0.00000000
2666,t27_kp02_y,0.00000000
2667,t27_kp03_y,0.00000000
2668,t27_kp04_y,0.00000000
2669,t14_kp06_y,0.00000000
2670,t14_kp07_x,0.00000000
2671,t14_kp07_y,0.00000000
2672,t26_kp28_x,0.00000000
2673,t26_kp28_y,0.00000000
2674,t26_kp32_y,0.00000000
2675,t27_kp21_y,0.00000000
2676,t27_kp22_y,0.00000000
2677,t27_kp23_x,0.00000000
2678,t27_kp24_x,0.00000000
2679,t27_kp24_y,0.00000000
2680,t27_kp25_y,0.00000000
2681,t13_kp25_y,0.00000000
2682,t27_kp14_y,0.00000000
2683,t27_kp15_y,0.00000000
2684,t27_kp16_y,0.00000000
2685,t27_kp13_x,0.00000000
2686,t27_kp17_y,0.00000000
2687,t27_kp18_x,0.00000000
2688,t27_kp18_y,0.00000000
2689,t27_kp19_y,0.00000000
2690,t13_kp22_y,0.00000000
2691,t13_kp23_x,0.00000000
2692,t13_kp23_y,0.00000000
2693,t13_kp24_x,0.00000000
2694,t13_kp24_y,0.00000000
2695,t27_kp11_y,0.00000000
2696,t27_kp12_x,0.00000000
2697,t27_kp17_x,0.00000000
2698,t29_kp03_x,0.00000000
2699,t11_kp25_y,0.00000000
2700,t11_kp26_x,0.00000000
2701,t11_kp26_y,0.00000000
2702,t28_kp26_y,0.00000000
2703,t28_kp28_y,0.00000000
2704,t28_kp30_y,0.00000000
2705,t11_kp19_y,0.00000000
2706,t11_kp20_x,0.00000000
2707,t11_kp20_y,0.00000000
2708,t28_kp24_y,0.00000000
2709,t11_kp21_y,0.00000000
2710,t11_kp22_x,0.00000000
2711,t11_kp22_y,0.00000000
2712,t11_kp23_y,0.00000000
2713,t12_kp19_y,0.00000000
2714,t12_kp20_y,0.00000000
2715,t12_kp21_x,0.00000000
2716,t12_kp21_y,0.00000000
2717,t12_kp22_x,0.00000000
2718,t12_kp22_y,0.00000000
2719,t11_kp21_x,0.00000000
2720,t29_kp22_y,0.00000000
2721,t29_kp23_x,0.00000000
2722,t29_kp09_y,0.00000000
2723,t29_kp10_y,0.00000000
2724,t29_kp11_x,0.00000000
2725,t29_kp12_y,0.00000000
2726,t29_kp13_x,0.00000000
2727,t29_kp13_y,0.00000000
2728,t29_kp14_x,0.00000000
2729,t29_kp16_x,0.00000000
2730,t22_kp27_y,0.00000000
2731,t29_kp05_x,0.00000000
2732,t29_kp06_x,0.00000000
2733,t29_kp07_y,0.00000000
2734,t29_kp08_x,0.00000000
2735,t29_kp08_y,0.00000000
2736,t11_kp27_y,0.00000000
2737,t28_kp31_x,0.00000000
2738,t28_kp31_y,0.00000000
2739,t28_kp32_y,0.00000000
2740,t29_kp01_x,0.00000000
2741,t29_kp01_y,0.00000000
2742,t29_kp03_y,0.00000000
2743,t13_kp01_x,0.00000000
2744,t13_kp02_y,0.00000000
2745,t13_kp03_y,0.00000000
2746,t13_kp04_x,0.00000000
2747,t13_kp04_y,0.00000000
2748,t13_kp06_x,0.00000000
2749,t13_kp06_y,0.00000000
2750,t28_kp25_x,0.00000000
2751,t28_kp25_y,0.00000000
2752,t12_kp26_x,0.00000000
2753,t12_kp23_x,0.00000000
2754,t12_kp29_y,0.00000000
2755,t12_kp30_x,0.00000000
2756,t12_kp30_y,0.00000000
2757,t12_kp31_y,0.00000000
2758,t28_kp16_y,0.00000000
2759,t28_kp17_x,0.00000000
2760,t28_kp17_y,0.00000000
2761,t28_kp18_y,0.00000000
2762,t28_kp22_y,0.00000000
2763,t28_kp23_y,0.00000000
2764,t28_kp24_x,0.00000000
2765,t12_kp26_y,0.00000000
2766,t12_kp23_y,0.00000000
2767,t12_kp13_x,0.00000000
2768,t12_kp13_y,0.00000000
2769,t12_kp14_x,0.00000000
2770,t12_kp14_y,0.00000000
2771,t12_kp16_y,0.00000000
2772,t12_kp17_y,0.00000000
2773,t12_kp18_x,0.00000000
2774,t12_kp02_y,0.00000000
2775,t12_kp03_x,0.00000000
2776,t13_kp00_x,0.00000000
2777,t12_kp05_y,0.00000000
2778,t12_kp07_x,0.00000000
2779,t12_kp10_x,0.00000000
2780,t12_kp11_x,0.00000000
2781,t12_kp11_y,0.00000000
2782,t11_kp30_y,0.00000000
2783,t11_kp31_y,0.00000000
2784,t12_kp00_x,0.00000000
2785,t12_kp00_y,0.00000000
2786,t12_kp01_x,0.00000000
2787,t12_kp02_x,0.00000000
2788,t12_kp05_x,0.00000000
2789,t25_kp32_y,0.00000000
2790,t26_kp00_y,0.00000000
2791,t26_kp02_y,0.00000000
2792,t26_kp03_x,0.00000000
2793,t26_kp03_y,0.00000000
2794,t16_kp02_y,0.00000000
2795,t16_kp03_x,0.00000000
2796,t16_kp03_y,0.00000000
2797,t16_kp04_y,0.00000000
2798,t16_kp05_x,0.00000000
2799,t26_kp29_x,0.00000000
2800,t25_kp29_x,0.00000000
2801,t16_kp29_y,0.00000000
2802,t16_kp30_y,0.00000000
2803,t16_kp32_y,0.00000000
2804,t17_kp01_y,0.00000000
2805,t17_kp02_x,0.00000000
2806,t17_kp02_y,0.00000000
2807,t17_kp03_x,0.00000000
2808,t16_kp21_x,0.00000000
2809,t16_kp25_x,0.00000000
2810,t16_kp05_y,0.00000000
2811,t15_kp11_y,0.00000000
2812,t15_kp12_x,0.00000000
2813,t15_kp12_y,0.00000000
2814,t15_kp13_x,0.00000000
2815,t15_kp13_y,0.00000000
2816,t15_kp14_x,0.00000000
2817,t26_kp10_x,0.00000000
2818,t26_kp10_y,0.00000000
2819,t26_kp11_x,0.00000000
2820,t26_kp11_y,0.00000000
2821,t25_kp31_y,0.00000000
2822,t16_kp07_y,0.00000000
2823,t16_kp08_y,0.00000000
2824,t16_kp09_x,0.00000000
2825,t26_kp04_x,0.00000000
2826,t26_kp05_y,0.00000000
2827,t26_kp06_x,0.00000000
2828,t26_kp06_y,0.00000000
2829,t26_kp07_y,0.00000000
2830,t26_kp08_y,0.00000000
2831,t26_kp09_y,0.00000000
2832,t25_kp30_y,0.00000000
2833,t16_kp06_y,0.00000000
2834,t17_kp12_x,0.00000000
2835,t17_kp12_y,0.00000000
2836,t17_kp13_x,0.00000000
2837,t25_kp24_y,0.00000000
2838,t25_kp25_y,0.00000000
2839,t25_kp26_y,0.00000000
2840,t25_kp27_y,0.00000000
2841,t17_kp05_x,0.00000000
2842,t17_kp05_y,0.00000000
2843,t25_kp16_y,0.00000000
2844,t16_kp25_y,0.00000000
2845,t25_kp18_y,0.00000000
2846,t25_kp20_y,0.00000000
2847,t25_kp21_x,0.00000000
2848,t25_kp23_x,0.00000000
2849,t25_kp24_x,0.00000000
2850,t17_kp03_y,0.00000000
2851,t17_kp04_x,0.00000000
2852,t17_kp04_y,0.00000000
2853,t25_kp13_x,0.00000000
2854,t25_kp14_x,0.00000000
2855,t25_kp14_y,0.00000000
2856,t25_kp17_y,0.00000000
2857,t16_kp26_y,0.00000000
2858,t16_kp27_y,0.00000000
2859,t16_kp28_x,0.00000000
2860,t16_kp28_y,0.00000000
2861,t16_kp29_x,0.00000000
2862,t16_kp14_y,0.00000000
2863,t16_kp16_x,0.00000000
2864,t16_kp16_y,0.00000000
2865,t16_kp17_y,0.00000000
2866,t16_kp18_y,0.00000000
2867,t17_kp10_y,0.00000000
2868,t16_kp09_y,0.00000000
2869,t16_kp10_x,0.00000000
2870,t16_kp10_y,0.00000000
2871,t16_kp11_y,0.00000000
2872,t16_kp12_x,0.00000000
2873,t16_kp13_x,0.00000000
2874,t16_kp13_y,0.00000000
2875,t17_kp06_x,0.00000000
2876,t17_kp07_y,0.00000000
2877,t17_kp09_x,0.00000000
2878,t17_kp09_y,0.00000000
2879,t16_kp20_y,0.00000000
2880,t14_kp22_y,0.00000000
2881,t14_kp13_y,0.00000000
2882,t14_kp14_x,0.00000000
2883,t14_kp14_y,0.00000000
2884,t14_kp15_x,0.00000000
2885,t14_kp15_y,0.00000000
2886,t14_kp16_y,0.00000000
2887,t14_kp17_x,0.00000000
2888,t27_kp09_y,0.00000000
2889,t14_kp08_y,0.00000000
2890,t15_kp09_y,0.00000000
2891,t14_kp09_y,0.00000000
2892,t14_kp10_x,0.00000000
2893,t14_kp10_y,0.00000000
2894,t14_kp11_x,0.00000000
2895,t14_kp13_x,0.00000000
2896,t26_kp22_y,0.00000000
2897,t26_kp23_x,0.00000000
2898,t26_kp23_y,0.00000000
2899,t26_kp24_y,0.00000000
2900,t26_kp26_y,0.00000000
2901,t14_kp09_x,0.00000000
2902,t26_kp29_y,0.00000000
2903,t26_kp30_x,0.00000000
2904,t13_kp32_y,0.00000000
2905,t14_kp00_y,0.00000000
2906,t14_kp01_x,0.00000000
2907,t14_kp02_x,0.00000000
2908,t14_kp02_y,0.00000000
2909,t14_kp04_x,0.00000000
2910,t14_kp04_y,0.00000000
2911,t14_kp05_x,0.00000000
2912,t14_kp21_y,0.00000000
2913,t14_kp24_x,0.00000000
2914,t14_kp24_y,0.00000000
2915,t14_kp25_y,0.00000000
2916,t14_kp26_y,0.00000000
2917,t14_kp28_y,0.00000000
2918,t14_kp29_y,0.00000000
2919,t14_kp18_y,0.00000000
2920,t14_kp19_x,0.00000000
2921,t14_kp19_y,0.00000000
2922,t14_kp20_x,0.00000000
2923,t14_kp20_y,0.00000000
2924,t14_kp23_y,0.00000000
2925,t15_kp04_y,0.00000000
2926,t15_kp05_x,0.00000000
2927,t15_kp05_y,0.00000000
2928,t15_kp29_x,0.00000000
2929,t15_kp30_y,0.00000000
2930,t15_kp32_y,0.00000000
2931,t16_kp00_y,0.00000000
2932,t16_kp01_x,0.00000000
2933,t16_kp01_y,0.00000000
2934,t15_kp21_y,0.00000000
2935,t26_kp27_y,0.00000000
2936,t15_kp24_x,0.00000000
2937,t15_kp25_x,0.00000000
2938,t15_kp25_y,0.00000000
2939,t15_kp15_x,0.00000000
2940,t15_kp15_y,0.00000000
2941,t15_kp16_y,0.00000000
2942,t15_kp17_y,0.00000000
2943,t15_kp18_y,0.00000000
2944,t15_kp19_y,0.00000000
2945,t15_kp20_y,0.00000000
2946,t15_kp21_x,0.00000000
2947,t15_kp22_x,0.00000000
2948,t15_kp07_y,0.00000000
2949,t15_kp08_y,0.00000000
2950,t26_kp16_x,0.00000000
2951,t26_kp16_y,0.00000000
2952,t26_kp17_y,0.00000000
2953,t26_kp18_x,0.00000000
2954,t26_kp19_x,0.00000000
2955,t26_kp20_x,0.00000000
2956,t26_kp21_y,0.00000000
2957,t26_kp22_x,0.00000000
2958,t15_kp02_y,0.00000000
2959,t15_kp06_y,0.00000000
2960,t26_kp12_x,0.00000000
2961,t26_kp13_x,0.00000000
2962,t26_kp14_x,0.00000000
2963,t26_kp14_y,0.00000000
2964,t26_kp15_x,0.00000000
2965,t26_kp15_y,0.00000000
2966,t14_kp30_y,0.00000000
2967,t14_kp32_y,0.00000000
2968,t15_kp00_x,0.00000000
2969,t15_kp00_y,0.00000000
2970,t15_kp06_x,0.00000000
