video_id,fold,window_start,window_end,start_frame,end_frame,start_time,end_time,true_label,predicted_label,fall_probability,correct
adl-01-cam0-rgb,2,0,0,1,60,0.000000,0.000000,adl,adl,0.000000,1
adl-01-cam0-rgb,2,1,1,16,75,0.000000,0.000000,adl,adl,0.000000,1
adl-01-cam0-rgb,2,2,2,31,90,0.000000,0.000000,adl,adl,0.000000,1
adl-01-cam0-rgb,2,3,3,46,105,0.000000,0.000000,adl,adl,0.002000,1
adl-01-cam0-rgb,2,4,4,61,120,0.000000,0.000000,adl,adl,0.000000,1
adl-01-cam0-rgb,2,5,5,76,135,0.000000,0.000000,adl,adl,0.000000,1
adl-01-cam0-rgb,2,6,6,91,150,0.000000,0.000000,adl,adl,0.018000,1
adl-02-cam0-rgb,1,7,7,1,60,0.000000,0.000000,adl,adl,0.000000,1
adl-02-cam0-rgb,1,8,8,16,75,0.000000,0.000000,adl,adl,0.000000,1
adl-02-cam0-rgb,1,9,9,31,90,0.000000,0.000000,adl,adl,0.000000,1
adl-02-cam0-rgb,1,10,10,46,105,0.000000,0.000000,adl,adl,0.000000,1
adl-02-cam0-rgb,1,11,11,61,120,0.000000,0.000000,adl,adl,0.000000,1
adl-02-cam0-rgb,1,12,12,76,135,0.000000,0.000000,adl,adl,0.022000,1
adl-02-cam0-rgb,1,13,13,91,150,0.000000,0.000000,adl,adl,0.148000,1
adl-02-cam0-rgb,1,14,14,106,165,0.000000,0.000000,adl,adl,0.252000,1
adl-02-cam0-rgb,1,15,15,121,180,0.000000,0.000000,adl,adl,0.204000,1
adl-03-cam0-rgb,5,16,16,1,60,0.000000,0.000000,adl,adl,0.000000,1
adl-03-cam0-rgb,5,17,17,16,75,0.000000,0.000000,adl,adl,0.000000,1
adl-03-cam0-rgb,5,18,18,31,90,0.000000,0.000000,adl,adl,0.000000,1
adl-03-cam0-rgb,5,19,19,46,105,0.000000,0.000000,adl,adl,0.000000,1
adl-03-cam0-rgb,5,20,20,61,120,0.000000,0.000000,adl,adl,0.000000,1
adl-03-cam0-rgb,5,21,21,76,135,0.000000,0.000000,adl,adl,0.058000,1
adl-03-cam0-rgb,5,22,22,91,150,0.000000,0.000000,adl,adl,0.092000,1
adl-03-cam0-rgb,5,23,23,106,165,0.000000,0.000000,adl,adl,0.036000,1
adl-03-cam0-rgb,5,24,24,121,180,0.000000,0.000000,adl,adl,0.000000,1
adl-04-cam0-rgb,3,25,25,1,60,0.000000,0.000000,adl,adl,0.000000,1
adl-04-cam0-rgb,3,26,26,16,75,0.000000,0.000000,adl,adl,0.000000,1
adl-04-cam0-rgb,3,27,27,31,90,0.000000,0.000000,adl,adl,0.000000,1
adl-04-cam0-rgb,3,28,28,46,105,0.000000,0.000000,adl,adl,0.006000,1
adl-04-cam0-rgb,3,29,29,61,120,0.000000,0.000000,adl,adl,0.000000,1
adl-04-cam0-rgb,3,30,30,76,135,0.000000,0.000000,adl,adl,0.000000,1
adl-04-cam0-rgb,3,31,31,91,150,0.000000,0.000000,adl,adl,0.000000,1
adl-05-cam0-rgb,5,32,32,1,60,0.000000,0.000000,adl,adl,0.000000,1
adl-05-cam0-rgb,5,33,33,16,75,0.000000,0.000000,adl,adl,0.000000,1
adl-05-cam0-rgb,5,34,34,31,90,0.000000,0.000000,adl,adl,0.000000,1
adl-05-cam0-rgb,5,35,35,46,105,0.000000,0.000000,adl,adl,0.000000,1
adl-05-cam0-rgb,5,36,36,61,120,0.000000,0.000000,adl,adl,0.046000,1
adl-05-cam0-rgb,5,37,37,76,135,0.000000,0.000000,adl,adl,0.038000,1
adl-05-cam0-rgb,5,38,38,91,150,0.000000,0.000000,adl,adl,0.006000,1
adl-05-cam0-rgb,5,39,39,106,165,0.000000,0.000000,adl,adl,0.000000,1
adl-05-cam0-rgb,5,40,40,121,180,0.000000,0.000000,adl,adl,0.000000,1
adl-06-cam0-rgb,1,41,41,1,60,0.000000,0.000000,adl,adl,0.000000,1
adl-06-cam0-rgb,1,42,42,16,75,0.000000,0.000000,adl,adl,0.000000,1
adl-06-cam0-rgb,1,43,43,31,90,0.000000,0.000000,adl,adl,0.000000,1
adl-06-cam0-rgb,1,44,44,46,105,0.000000,0.000000,adl,adl,0.000000,1
adl-06-cam0-rgb,1,45,45,61,120,0.000000,0.000000,adl,adl,0.000000,1
adl-06-cam0-rgb,1,46,46,76,135,0.000000,0.000000,adl,adl,0.000000,1
adl-06-cam0-rgb,1,47,47,91,150,0.000000,0.000000,adl,adl,0.000000,1
adl-06-cam0-rgb,1,48,48,106,165,0.000000,0.000000,adl,adl,0.000000,1
adl-06-cam0-rgb,1,49,49,121,180,0.000000,0.000000,adl,adl,0.000000,1
adl-06-cam0-rgb,1,50,50,136,195,0.000000,0.000000,adl,adl,0.002000,1
adl-06-cam0-rgb,1,51,51,151,210,0.000000,0.000000,adl,adl,0.000000,1
adl-06-cam0-rgb,1,52,52,166,225,0.000000,0.000000,adl,adl,0.000000,1
adl-07-cam0-rgb,4,53,53,1,60,0.000000,0.000000,adl,adl,0.000000,1
adl-07-cam0-rgb,4,54,54,16,75,0.000000,0.000000,adl,adl,0.000000,1
adl-07-cam0-rgb,4,55,55,31,90,0.000000,0.000000,adl,adl,0.000000,1
adl-07-cam0-rgb,4,56,56,46,105,0.000000,0.000000,adl,adl,0.000000,1
adl-07-cam0-rgb,4,57,57,61,120,0.000000,0.000000,adl,adl,0.000000,1
adl-07-cam0-rgb,4,58,58,76,135,0.000000,0.000000,adl,adl,0.000000,1
adl-07-cam0-rgb,4,59,59,91,150,0.000000,0.000000,adl,adl,0.000000,1
adl-07-cam0-rgb,4,60,60,106,165,0.000000,0.000000,adl,adl,0.000000,1
adl-07-cam0-rgb,4,61,61,121,180,0.000000,0.000000,adl,adl,0.000000,1
adl-08-cam0-rgb,2,62,62,1,60,0.000000,0.000000,adl,adl,0.000000,1
adl-08-cam0-rgb,2,63,63,16,75,0.000000,0.000000,adl,adl,0.000000,1
adl-08-cam0-rgb,2,64,64,31,90,0.000000,0.000000,adl,adl,0.000000,1
adl-08-cam0-rgb,2,65,65,46,105,0.000000,0.000000,adl,adl,0.000000,1
adl-08-cam0-rgb,2,66,66,61,120,0.000000,0.000000,adl,adl,0.000000,1
adl-08-cam0-rgb,2,67,67,76,135,0.000000,0.000000,adl,adl,0.000000,1
adl-08-cam0-rgb,2,68,68,91,150,0.000000,0.000000,adl,adl,0.000000,1
adl-08-cam0-rgb,2,69,69,106,165,0.000000,0.000000,adl,adl,0.000000,1
adl-08-cam0-rgb,2,70,70,121,180,0.000000,0.000000,adl,adl,0.000000,1
adl-09-cam0-rgb,4,71,71,1,60,0.000000,0.000000,adl,adl,0.000000,1
adl-09-cam0-rgb,4,72,72,16,75,0.000000,0.000000,adl,adl,0.000000,1
adl-09-cam0-rgb,4,73,73,31,90,0.000000,0.000000,adl,adl,0.000000,1
adl-09-cam0-rgb,4,74,74,46,105,0.000000,0.000000,adl,adl,0.000000,1
adl-09-cam0-rgb,4,75,75,61,120,0.000000,0.000000,adl,adl,0.002000,1
adl-09-cam0-rgb,4,76,76,76,135,0.000000,0.000000,adl,adl,0.002000,1
adl-09-cam0-rgb,4,77,77,91,150,0.000000,0.000000,adl,adl,0.008000,1
adl-10-cam0-rgb,5,78,78,1,60,0.000000,0.000000,adl,adl,0.000000,1
adl-10-cam0-rgb,5,79,79,16,75,0.000000,0.000000,adl,adl,0.000000,1
adl-10-cam0-rgb,5,80,80,31,90,0.000000,0.000000,adl,adl,0.000000,1
adl-10-cam0-rgb,5,81,81,46,105,0.000000,0.000000,adl,adl,0.000000,1
adl-10-cam0-rgb,5,82,82,61,120,0.000000,0.000000,adl,adl,0.002000,1
adl-10-cam0-rgb,5,83,83,76,135,0.000000,0.000000,adl,adl,0.008000,1
adl-10-cam0-rgb,5,84,84,91,150,0.000000,0.000000,adl,adl,0.020000,1
adl-10-cam0-rgb,5,85,85,106,165,0.000000,0.000000,adl,adl,0.020000,1
adl-10-cam0-rgb,5,86,86,121,180,0.000000,0.000000,adl,adl,0.014000,1
adl-10-cam0-rgb,5,87,87,136,195,0.000000,0.000000,adl,adl,0.020000,1
adl-10-cam0-rgb,5,88,88,151,210,0.000000,0.000000,adl,adl,0.004000,1
adl-10-cam0-rgb,5,89,89,166,225,0.000000,0.000000,adl,adl,0.004000,1
adl-10-cam0-rgb,5,90,90,181,240,0.000000,0.000000,adl,adl,0.004000,1
adl-10-cam0-rgb,5,91,91,196,255,0.000000,0.000000,adl,adl,0.004000,1
adl-10-cam0-rgb,5,92,92,211,270,0.000000,0.000000,adl,adl,0.004000,1
adl-10-cam0-rgb,5,93,93,226,285,0.000000,0.000000,adl,adl,0.012000,1
adl-10-cam0-rgb,5,94,94,241,300,0.000000,0.000000,adl,adl,0.016000,1
adl-11-cam0-rgb,5,95,95,1,60,0.000000,0.000000,adl,adl,0.000000,1
adl-11-cam0-rgb,5,96,96,16,75,0.000000,0.000000,adl,adl,0.000000,1
adl-11-cam0-rgb,5,97,97,31,90,0.000000,0.000000,adl,adl,0.000000,1
adl-11-cam0-rgb,5,98,98,46,105,0.000000,0.000000,adl,adl,0.000000,1
adl-11-cam0-rgb,5,99,99,61,120,0.000000,0.000000,adl,adl,0.000000,1
adl-11-cam0-rgb,5,100,100,76,135,0.000000,0.000000,adl,adl,0.000000,1
adl-11-cam0-rgb,5,101,101,91,150,0.000000,0.000000,adl,adl,0.000000,1
adl-11-cam0-rgb,5,102,102,106,165,0.000000,0.000000,adl,adl,0.010000,1
adl-11-cam0-rgb,5,103,103,121,180,0.000000,0.000000,adl,adl,0.016000,1
adl-11-cam0-rgb,5,104,104,136,195,0.000000,0.000000,adl,adl,0.002000,1
adl-11-cam0-rgb,5,105,105,151,210,0.000000,0.000000,adl,adl,0.004000,1
adl-11-cam0-rgb,5,106,106,166,225,0.000000,0.000000,adl,adl,0.004000,1
adl-11-cam0-rgb,5,107,107,181,240,0.000000,0.000000,adl,adl,0.006000,1
adl-11-cam0-rgb,5,108,108,196,255,0.000000,0.000000,adl,adl,0.020000,1
adl-11-cam0-rgb,5,109,109,211,270,0.000000,0.000000,adl,adl,0.010000,1
adl-11-cam0-rgb,5,110,110,226,285,0.000000,0.000000,adl,adl,0.004000,1
adl-11-cam0-rgb,5,111,111,241,300,0.000000,0.000000,adl,adl,0.006000,1
adl-12-cam0-rgb,4,112,112,16,75,0.000000,0.000000,adl,adl,0.000000,1
adl-12-cam0-rgb,4,113,113,31,90,0.000000,0.000000,adl,adl,0.000000,1
adl-12-cam0-rgb,4,114,114,46,105,0.000000,0.000000,adl,adl,0.000000,1
adl-12-cam0-rgb,4,115,115,61,120,0.000000,0.000000,adl,adl,0.000000,1
adl-12-cam0-rgb,4,116,116,76,135,0.000000,0.000000,adl,adl,0.000000,1
adl-12-cam0-rgb,4,117,117,91,150,0.000000,0.000000,adl,adl,0.000000,1
adl-12-cam0-rgb,4,118,118,106,165,0.000000,0.000000,adl,adl,0.000000,1
adl-12-cam0-rgb,4,119,119,121,180,0.000000,0.000000,adl,adl,0.006000,1
adl-12-cam0-rgb,4,120,120,136,195,0.000000,0.000000,adl,adl,0.060000,1
adl-12-cam0-rgb,4,121,121,151,210,0.000000,0.000000,adl,adl,0.072000,1
adl-12-cam0-rgb,4,122,122,166,225,0.000000,0.000000,adl,adl,0.010000,1
adl-12-cam0-rgb,4,123,123,181,240,0.000000,0.000000,adl,adl,0.000000,1
adl-13-cam0-rgb,4,124,124,16,75,0.000000,0.000000,adl,adl,0.000000,1
adl-13-cam0-rgb,4,125,125,31,90,0.000000,0.000000,adl,adl,0.000000,1
adl-13-cam0-rgb,4,126,126,46,105,0.000000,0.000000,adl,adl,0.000000,1
adl-13-cam0-rgb,4,127,127,61,120,0.000000,0.000000,adl,adl,0.000000,1
adl-13-cam0-rgb,4,128,128,76,135,0.000000,0.000000,adl,adl,0.000000,1
adl-13-cam0-rgb,4,129,129,91,150,0.000000,0.000000,adl,adl,0.000000,1
adl-13-cam0-rgb,4,130,130,106,165,0.000000,0.000000,adl,adl,0.000000,1
adl-13-cam0-rgb,4,131,131,121,180,0.000000,0.000000,adl,adl,0.000000,1
adl-13-cam0-rgb,4,132,132,136,195,0.000000,0.000000,adl,adl,0.000000,1
adl-13-cam0-rgb,4,133,133,151,210,0.000000,0.000000,adl,adl,0.000000,1
adl-13-cam0-rgb,4,134,134,166,225,0.000000,0.000000,adl,adl,0.000000,1
adl-13-cam0-rgb,4,135,135,181,240,0.000000,0.000000,adl,adl,0.002000,1
adl-13-cam0-rgb,4,136,136,196,255,0.000000,0.000000,adl,adl,0.002000,1
adl-14-cam0-rgb,5,137,137,16,75,0.000000,0.000000,adl,adl,0.000000,1
adl-14-cam0-rgb,5,138,138,31,90,0.000000,0.000000,adl,adl,0.000000,1
adl-14-cam0-rgb,5,139,139,46,105,0.000000,0.000000,adl,adl,0.000000,1
adl-14-cam0-rgb,5,140,140,61,120,0.000000,0.000000,adl,adl,0.000000,1
adl-14-cam0-rgb,5,141,141,76,135,0.000000,0.000000,adl,adl,0.000000,1
adl-14-cam0-rgb,5,142,142,91,150,0.000000,0.000000,adl,adl,0.000000,1
adl-14-cam0-rgb,5,143,143,106,165,0.000000,0.000000,adl,adl,0.000000,1
adl-14-cam0-rgb,5,144,144,121,180,0.000000,0.000000,adl,adl,0.040000,1
adl-14-cam0-rgb,5,145,145,136,195,0.000000,0.000000,adl,adl,0.058000,1
adl-14-cam0-rgb,5,146,146,151,210,0.000000,0.000000,adl,adl,0.022000,1
adl-14-cam0-rgb,5,147,147,166,225,0.000000,0.000000,adl,adl,0.000000,1
adl-15-cam0-rgb,1,148,148,16,75,0.000000,0.000000,adl,adl,0.000000,1
adl-15-cam0-rgb,1,149,149,31,90,0.000000,0.000000,adl,adl,0.000000,1
adl-15-cam0-rgb,1,150,150,46,105,0.000000,0.000000,adl,adl,0.000000,1
adl-15-cam0-rgb,1,151,151,61,120,0.000000,0.000000,adl,adl,0.000000,1
adl-15-cam0-rgb,1,152,152,76,135,0.000000,0.000000,adl,adl,0.000000,1
adl-15-cam0-rgb,1,153,153,91,150,0.000000,0.000000,adl,adl,0.000000,1
adl-15-cam0-rgb,1,154,154,106,165,0.000000,0.000000,adl,adl,0.000000,1
adl-15-cam0-rgb,1,155,155,121,180,0.000000,0.000000,adl,adl,0.002000,1
adl-15-cam0-rgb,1,156,156,136,195,0.000000,0.000000,adl,adl,0.026000,1
adl-15-cam0-rgb,1,157,157,151,210,0.000000,0.000000,adl,adl,0.014000,1
adl-15-cam0-rgb,1,158,158,166,225,0.000000,0.000000,adl,adl,0.002000,1
adl-15-cam0-rgb,1,159,159,181,240,0.000000,0.000000,adl,adl,0.006000,1
adl-15-cam0-rgb,1,160,160,196,255,0.000000,0.000000,adl,adl,0.000000,1
adl-15-cam0-rgb,1,161,161,211,270,0.000000,0.000000,adl,adl,0.000000,1
adl-16-cam0-rgb,3,162,162,31,90,0.000000,0.000000,adl,adl,0.000000,1
adl-16-cam0-rgb,3,163,163,46,105,0.000000,0.000000,adl,adl,0.000000,1
adl-16-cam0-rgb,3,164,164,61,120,0.000000,0.000000,adl,adl,0.000000,1
adl-16-cam0-rgb,3,165,165,76,135,0.000000,0.000000,adl,adl,0.000000,1
adl-16-cam0-rgb,3,166,166,91,150,0.000000,0.000000,adl,adl,0.000000,1
adl-16-cam0-rgb,3,167,167,106,165,0.000000,0.000000,adl,adl,0.000000,1
adl-16-cam0-rgb,3,168,168,121,180,0.000000,0.000000,adl,adl,0.000000,1
adl-16-cam0-rgb,3,169,169,136,195,0.000000,0.000000,adl,adl,0.000000,1
adl-16-cam0-rgb,3,170,170,151,210,0.000000,0.000000,adl,adl,0.000000,1
adl-16-cam0-rgb,3,171,171,166,225,0.000000,0.000000,adl,adl,0.000000,1
adl-16-cam0-rgb,3,172,172,181,240,0.000000,0.000000,adl,adl,0.000000,1
adl-17-cam0-rgb,3,173,173,16,75,0.000000,0.000000,adl,adl,0.000000,1
adl-17-cam0-rgb,3,174,174,31,90,0.000000,0.000000,adl,adl,0.000000,1
adl-17-cam0-rgb,3,175,175,46,105,0.000000,0.000000,adl,adl,0.000000,1
adl-17-cam0-rgb,3,176,176,61,120,0.000000,0.000000,adl,adl,0.000000,1
adl-17-cam0-rgb,3,177,177,76,135,0.000000,0.000000,adl,adl,0.000000,1
adl-17-cam0-rgb,3,178,178,91,150,0.000000,0.000000,adl,adl,0.000000,1
adl-17-cam0-rgb,3,179,179,106,165,0.000000,0.000000,adl,adl,0.002000,1
adl-17-cam0-rgb,3,180,180,121,180,0.000000,0.000000,adl,adl,0.002000,1
adl-17-cam0-rgb,3,181,181,136,195,0.000000,0.000000,adl,adl,0.004000,1
adl-17-cam0-rgb,3,182,182,151,210,0.000000,0.000000,adl,adl,0.002000,1
adl-17-cam0-rgb,3,183,183,166,225,0.000000,0.000000,adl,adl,0.002000,1
adl-18-cam0-rgb,1,184,184,46,105,0.000000,0.000000,adl,adl,0.000000,1
adl-18-cam0-rgb,1,185,185,61,120,0.000000,0.000000,adl,adl,0.000000,1
adl-18-cam0-rgb,1,186,186,76,135,0.000000,0.000000,adl,adl,0.000000,1
adl-18-cam0-rgb,1,187,187,91,150,0.000000,0.000000,adl,adl,0.000000,1
adl-18-cam0-rgb,1,188,188,106,165,0.000000,0.000000,adl,adl,0.000000,1
adl-18-cam0-rgb,1,189,189,121,180,0.000000,0.000000,adl,adl,0.000000,1
adl-18-cam0-rgb,1,190,190,136,195,0.000000,0.000000,adl,adl,0.000000,1
adl-18-cam0-rgb,1,191,191,151,210,0.000000,0.000000,adl,adl,0.000000,1
adl-18-cam0-rgb,1,192,192,166,225,0.000000,0.000000,adl,adl,0.000000,1
adl-18-cam0-rgb,1,193,193,181,240,0.000000,0.000000,adl,adl,0.000000,1
adl-18-cam0-rgb,1,194,194,196,255,0.000000,0.000000,adl,adl,0.000000,1
adl-19-cam0-rgb,4,195,195,31,90,0.000000,0.000000,adl,adl,0.000000,1
adl-19-cam0-rgb,4,196,196,46,105,0.000000,0.000000,adl,adl,0.000000,1
adl-19-cam0-rgb,4,197,197,61,120,0.000000,0.000000,adl,adl,0.000000,1
adl-19-cam0-rgb,4,198,198,76,135,0.000000,0.000000,adl,adl,0.000000,1
adl-19-cam0-rgb,4,199,199,91,150,0.000000,0.000000,adl,adl,0.000000,1
adl-19-cam0-rgb,4,200,200,106,165,0.000000,0.000000,adl,adl,0.000000,1
adl-19-cam0-rgb,4,201,201,121,180,0.000000,0.000000,adl,adl,0.006000,1
adl-19-cam0-rgb,4,202,202,136,195,0.000000,0.000000,adl,adl,0.008000,1
adl-19-cam0-rgb,4,203,203,151,210,0.000000,0.000000,adl,adl,0.008000,1
adl-19-cam0-rgb,4,204,204,166,225,0.000000,0.000000,adl,adl,0.008000,1
adl-19-cam0-rgb,4,205,205,181,240,0.000000,0.000000,adl,adl,0.008000,1
adl-20-cam0-rgb,3,206,206,31,90,0.000000,0.000000,adl,adl,0.000000,1
adl-20-cam0-rgb,3,207,207,46,105,0.000000,0.000000,adl,adl,0.000000,1
adl-20-cam0-rgb,3,208,208,61,120,0.000000,0.000000,adl,adl,0.000000,1
adl-20-cam0-rgb,3,209,209,76,135,0.000000,0.000000,adl,adl,0.000000,1
adl-20-cam0-rgb,3,210,210,91,150,0.000000,0.000000,adl,adl,0.000000,1
adl-20-cam0-rgb,3,211,211,106,165,0.000000,0.000000,adl,adl,0.000000,1
adl-20-cam0-rgb,3,212,212,121,180,0.000000,0.000000,adl,adl,0.000000,1
adl-20-cam0-rgb,3,213,213,136,195,0.000000,0.000000,adl,adl,0.000000,1
adl-20-cam0-rgb,3,214,214,151,210,0.000000,0.000000,adl,adl,0.000000,1
adl-20-cam0-rgb,3,215,215,166,225,0.000000,0.000000,adl,adl,0.000000,1
adl-20-cam0-rgb,3,216,216,181,240,0.000000,0.000000,adl,adl,0.000000,1
adl-20-cam0-rgb,3,217,217,196,255,0.000000,0.000000,adl,adl,0.000000,1
adl-20-cam0-rgb,3,218,218,211,270,0.000000,0.000000,adl,adl,0.000000,1
adl-21-cam0-rgb,5,219,219,31,90,0.000000,0.000000,adl,adl,0.000000,1
adl-21-cam0-rgb,5,220,220,46,105,0.000000,0.000000,adl,adl,0.000000,1
adl-21-cam0-rgb,5,221,221,61,120,0.000000,0.000000,adl,adl,0.000000,1
adl-21-cam0-rgb,5,222,222,76,135,0.000000,0.000000,adl,adl,0.000000,1
adl-21-cam0-rgb,5,223,223,91,150,0.000000,0.000000,adl,adl,0.000000,1
adl-21-cam0-rgb,5,224,224,106,165,0.000000,0.000000,adl,adl,0.000000,1
adl-21-cam0-rgb,5,225,225,121,180,0.000000,0.000000,adl,adl,0.000000,1
adl-21-cam0-rgb,5,226,226,136,195,0.000000,0.000000,adl,adl,0.000000,1
adl-21-cam0-rgb,5,227,227,151,210,0.000000,0.000000,adl,adl,0.000000,1
adl-21-cam0-rgb,5,228,228,166,225,0.000000,0.000000,adl,adl,0.004000,1
adl-21-cam0-rgb,5,229,229,181,240,0.000000,0.000000,adl,adl,0.024000,1
adl-21-cam0-rgb,5,230,230,196,255,0.000000,0.000000,adl,adl,0.020000,1
adl-21-cam0-rgb,5,231,231,211,270,0.000000,0.000000,adl,adl,0.022000,1
adl-22-cam0-rgb,2,232,232,1,60,0.000000,0.000000,adl,adl,0.000000,1
adl-22-cam0-rgb,2,233,233,16,75,0.000000,0.000000,adl,adl,0.000000,1
adl-22-cam0-rgb,2,234,234,31,90,0.000000,0.000000,adl,adl,0.000000,1
adl-22-cam0-rgb,2,235,235,46,105,0.000000,0.000000,adl,adl,0.000000,1
adl-22-cam0-rgb,2,236,236,61,120,0.000000,0.000000,adl,adl,0.000000,1
adl-22-cam0-rgb,2,237,237,76,135,0.000000,0.000000,adl,adl,0.000000,1
adl-22-cam0-rgb,2,238,238,91,150,0.000000,0.000000,adl,adl,0.000000,1
adl-22-cam0-rgb,2,239,239,106,165,0.000000,0.000000,adl,adl,0.000000,1
adl-22-cam0-rgb,2,240,240,121,180,0.000000,0.000000,adl,adl,0.000000,1
adl-22-cam0-rgb,2,241,241,136,195,0.000000,0.000000,adl,adl,0.000000,1
adl-22-cam0-rgb,2,242,242,151,210,0.000000,0.000000,adl,adl,0.000000,1
adl-22-cam0-rgb,2,243,243,166,225,0.000000,0.000000,adl,adl,0.000000,1
adl-23-cam0-rgb,1,244,244,1,60,0.000000,0.000000,adl,adl,0.000000,1
adl-23-cam0-rgb,1,245,245,16,75,0.000000,0.000000,adl,adl,0.000000,1
adl-23-cam0-rgb,1,246,246,31,90,0.000000,0.000000,adl,adl,0.000000,1
adl-23-cam0-rgb,1,247,247,46,105,0.000000,0.000000,adl,adl,0.000000,1
adl-23-cam0-rgb,1,248,248,61,120,0.000000,0.000000,adl,adl,0.000000,1
adl-23-cam0-rgb,1,249,249,76,135,0.000000,0.000000,adl,adl,0.000000,1
adl-23-cam0-rgb,1,250,250,91,150,0.000000,0.000000,adl,adl,0.004000,1
adl-23-cam0-rgb,1,251,251,106,165,0.000000,0.000000,adl,adl,0.002000,1
adl-23-cam0-rgb,1,252,252,121,180,0.000000,0.000000,adl,adl,0.002000,1
adl-23-cam0-rgb,1,253,253,136,195,0.000000,0.000000,adl,adl,0.002000,1
adl-24-cam0-rgb,5,254,254,1,60,0.000000,0.000000,adl,adl,0.090000,1
adl-25-cam0-rgb,3,255,255,1,60,0.000000,0.000000,adl,adl,0.000000,1
adl-25-cam0-rgb,3,256,256,16,75,0.000000,0.000000,adl,adl,0.000000,1
adl-25-cam0-rgb,3,257,257,31,90,0.000000,0.000000,adl,adl,0.000000,1
adl-25-cam0-rgb,3,258,258,46,105,0.000000,0.000000,adl,adl,0.000000,1
adl-26-cam0-rgb,4,259,259,1,60,0.000000,0.000000,adl,fall,0.720000,0
adl-26-cam0-rgb,4,260,260,16,75,0.000000,0.000000,adl,adl,0.396000,1
adl-26-cam0-rgb,4,261,261,31,90,0.000000,0.000000,adl,adl,0.030000,1
adl-27-cam0-rgb,5,262,262,1,60,0.000000,0.000000,adl,adl,0.000000,1
adl-27-cam0-rgb,5,263,263,16,75,0.000000,0.000000,adl,adl,0.000000,1
adl-27-cam0-rgb,5,264,264,31,90,0.000000,0.000000,adl,adl,0.000000,1
adl-28-cam0-rgb,4,265,265,1,60,0.000000,0.000000,adl,adl,0.042000,1
adl-28-cam0-rgb,4,266,266,16,75,0.000000,0.000000,adl,adl,0.018000,1
adl-29-cam0-rgb,1,267,267,1,60,0.000000,0.000000,adl,adl,0.002000,1
adl-29-cam0-rgb,1,268,268,16,75,0.000000,0.000000,adl,adl,0.002000,1
adl-29-cam0-rgb,1,269,269,31,90,0.000000,0.000000,adl,adl,0.000000,1
adl-29-cam0-rgb,1,270,270,46,105,0.000000,0.000000,adl,adl,0.000000,1
adl-29-cam0-rgb,1,271,271,61,120,0.000000,0.000000,adl,adl,0.000000,1
adl-30-cam0-rgb,1,272,272,1,60,0.000000,0.000000,adl,adl,0.002000,1
adl-30-cam0-rgb,1,273,273,16,75,0.000000,0.000000,adl,adl,0.000000,1
adl-30-cam0-rgb,1,274,274,31,90,0.000000,0.000000,adl,adl,0.000000,1
adl-30-cam0-rgb,1,275,275,46,105,0.000000,0.000000,adl,adl,0.000000,1
adl-30-cam0-rgb,1,276,276,61,120,0.000000,0.000000,adl,adl,0.000000,1
adl-30-cam0-rgb,1,277,277,76,135,0.000000,0.000000,adl,adl,0.000000,1
adl-30-cam0-rgb,1,278,278,91,150,0.000000,0.000000,adl,adl,0.000000,1
adl-30-cam0-rgb,1,279,279,106,165,0.000000,0.000000,adl,adl,0.000000,1
adl-30-cam0-rgb,1,280,280,121,180,0.000000,0.000000,adl,adl,0.052000,1
adl-30-cam0-rgb,1,281,281,136,195,0.000000,0.000000,adl,adl,0.070000,1
adl-30-cam0-rgb,1,282,282,151,210,0.000000,0.000000,adl,adl,0.100000,1
adl-30-cam0-rgb,1,283,283,166,225,0.000000,0.000000,adl,adl,0.012000,1
adl-30-cam0-rgb,1,284,284,181,240,0.000000,0.000000,adl,adl,0.008000,1
adl-30-cam0-rgb,1,285,285,196,255,0.000000,0.000000,adl,adl,0.008000,1
adl-30-cam0-rgb,1,286,286,211,270,0.000000,0.000000,adl,adl,0.008000,1
adl-30-cam0-rgb,1,287,287,226,285,0.000000,0.000000,adl,adl,0.010000,1
adl-30-cam0-rgb,1,288,288,241,300,0.000000,0.000000,adl,adl,0.030000,1
adl-30-cam0-rgb,1,289,289,256,315,0.000000,0.000000,adl,adl,0.030000,1
adl-30-cam0-rgb,1,290,290,271,330,0.000000,0.000000,adl,adl,0.038000,1
adl-30-cam0-rgb,1,291,291,286,345,0.000000,0.000000,adl,adl,0.050000,1
adl-30-cam0-rgb,1,292,292,301,360,0.000000,0.000000,adl,adl,0.044000,1
adl-30-cam0-rgb,1,293,293,316,375,0.000000,0.000000,adl,adl,0.046000,1
adl-30-cam0-rgb,1,294,294,331,390,0.000000,0.000000,adl,adl,0.048000,1
adl-31-cam0-rgb,2,295,295,1,60,0.000000,0.000000,adl,adl,0.002000,1
adl-31-cam0-rgb,2,296,296,16,75,0.000000,0.000000,adl,adl,0.030000,1
adl-31-cam0-rgb,2,297,297,31,90,0.000000,0.000000,adl,adl,0.192000,1
adl-31-cam0-rgb,2,298,298,46,105,0.000000,0.000000,adl,adl,0.080000,1
adl-31-cam0-rgb,2,299,299,61,120,0.000000,0.000000,adl,adl,0.018000,1
adl-31-cam0-rgb,2,300,300,76,135,0.000000,0.000000,adl,adl,0.000000,1
adl-31-cam0-rgb,2,301,301,91,150,0.000000,0.000000,adl,adl,0.000000,1
adl-31-cam0-rgb,2,302,302,106,165,0.000000,0.000000,adl,adl,0.002000,1
adl-31-cam0-rgb,2,303,303,121,180,0.000000,0.000000,adl,adl,0.002000,1
adl-31-cam0-rgb,2,304,304,136,195,0.000000,0.000000,adl,adl,0.002000,1
adl-31-cam0-rgb,2,305,305,151,210,0.000000,0.000000,adl,adl,0.000000,1
adl-31-cam0-rgb,2,306,306,166,225,0.000000,0.000000,adl,adl,0.004000,1
adl-31-cam0-rgb,2,307,307,181,240,0.000000,0.000000,adl,adl,0.000000,1
adl-32-cam0-rgb,5,308,308,1,60,0.000000,0.000000,adl,adl,0.000000,1
adl-32-cam0-rgb,5,309,309,16,75,0.000000,0.000000,adl,adl,0.008000,1
adl-32-cam0-rgb,5,310,310,31,90,0.000000,0.000000,adl,adl,0.050000,1
adl-32-cam0-rgb,5,311,311,46,105,0.000000,0.000000,adl,adl,0.082000,1
adl-32-cam0-rgb,5,312,312,61,120,0.000000,0.000000,adl,adl,0.006000,1
adl-32-cam0-rgb,5,313,313,76,135,0.000000,0.000000,adl,adl,0.000000,1
adl-32-cam0-rgb,5,314,314,91,150,0.000000,0.000000,adl,adl,0.000000,1
adl-32-cam0-rgb,5,315,315,106,165,0.000000,0.000000,adl,adl,0.000000,1
adl-32-cam0-rgb,5,316,316,121,180,0.000000,0.000000,adl,adl,0.000000,1
adl-32-cam0-rgb,5,317,317,136,195,0.000000,0.000000,adl,adl,0.002000,1
adl-33-cam0-rgb,2,318,318,1,60,0.000000,0.000000,adl,adl,0.000000,1
adl-33-cam0-rgb,2,319,319,16,75,0.000000,0.000000,adl,adl,0.000000,1
adl-33-cam0-rgb,2,320,320,31,90,0.000000,0.000000,adl,adl,0.004000,1
adl-33-cam0-rgb,2,321,321,46,105,0.000000,0.000000,adl,adl,0.088000,1
adl-33-cam0-rgb,2,322,322,61,120,0.000000,0.000000,adl,adl,0.164000,1
adl-33-cam0-rgb,2,323,323,76,135,0.000000,0.000000,adl,adl,0.004000,1
adl-33-cam0-rgb,2,324,324,91,150,0.000000,0.000000,adl,adl,0.002000,1
adl-33-cam0-rgb,2,325,325,106,165,0.000000,0.000000,adl,adl,0.000000,1
adl-33-cam0-rgb,2,326,326,121,180,0.000000,0.000000,adl,adl,0.000000,1
adl-33-cam0-rgb,2,327,327,136,195,0.000000,0.000000,adl,adl,0.002000,1
adl-34-cam0-rgb,3,328,328,1,60,0.000000,0.000000,adl,adl,0.250000,1
adl-34-cam0-rgb,3,329,329,16,75,0.000000,0.000000,adl,adl,0.006000,1
adl-34-cam0-rgb,3,330,330,31,90,0.000000,0.000000,adl,adl,0.008000,1
adl-34-cam0-rgb,3,331,331,46,105,0.000000,0.000000,adl,adl,0.000000,1
adl-34-cam0-rgb,3,332,332,61,120,0.000000,0.000000,adl,adl,0.000000,1
adl-34-cam0-rgb,3,333,333,76,135,0.000000,0.000000,adl,adl,0.000000,1
adl-34-cam0-rgb,3,334,334,91,150,0.000000,0.000000,adl,adl,0.000000,1
adl-34-cam0-rgb,3,335,335,106,165,0.000000,0.000000,adl,adl,0.000000,1
adl-34-cam0-rgb,3,336,336,121,180,0.000000,0.000000,adl,adl,0.000000,1
adl-35-cam0-rgb,4,337,337,1,60,0.000000,0.000000,adl,adl,0.066000,1
adl-35-cam0-rgb,4,338,338,16,75,0.000000,0.000000,adl,adl,0.008000,1
adl-35-cam0-rgb,4,339,339,31,90,0.000000,0.000000,adl,adl,0.000000,1
adl-35-cam0-rgb,4,340,340,46,105,0.000000,0.000000,adl,adl,0.000000,1
adl-35-cam0-rgb,4,341,341,61,120,0.000000,0.000000,adl,adl,0.000000,1
adl-35-cam0-rgb,4,342,342,76,135,0.000000,0.000000,adl,adl,0.000000,1
adl-35-cam0-rgb,4,343,343,91,150,0.000000,0.000000,adl,adl,0.000000,1
adl-35-cam0-rgb,4,344,344,106,165,0.000000,0.000000,adl,adl,0.000000,1
adl-35-cam0-rgb,4,345,345,121,180,0.000000,0.000000,adl,adl,0.000000,1
adl-35-cam0-rgb,4,346,346,136,195,0.000000,0.000000,adl,adl,0.000000,1
adl-35-cam0-rgb,4,347,347,151,210,0.000000,0.000000,adl,adl,0.006000,1
adl-35-cam0-rgb,4,348,348,166,225,0.000000,0.000000,adl,adl,0.004000,1
adl-35-cam0-rgb,4,349,349,181,240,0.000000,0.000000,adl,adl,0.040000,1
adl-35-cam0-rgb,4,350,350,196,255,0.000000,0.000000,adl,adl,0.066000,1
adl-35-cam0-rgb,4,351,351,211,270,0.000000,0.000000,adl,adl,0.000000,1
adl-36-cam0-rgb,3,352,352,1,60,0.000000,0.000000,adl,adl,0.000000,1
adl-36-cam0-rgb,3,353,353,16,75,0.000000,0.000000,adl,adl,0.000000,1
adl-36-cam0-rgb,3,354,354,31,90,0.000000,0.000000,adl,adl,0.000000,1
adl-36-cam0-rgb,3,355,355,46,105,0.000000,0.000000,adl,adl,0.000000,1
adl-36-cam0-rgb,3,356,356,61,120,0.000000,0.000000,adl,adl,0.000000,1
adl-36-cam0-rgb,3,357,357,76,135,0.000000,0.000000,adl,adl,0.000000,1
adl-36-cam0-rgb,3,358,358,91,150,0.000000,0.000000,adl,adl,0.000000,1
adl-36-cam0-rgb,3,359,359,106,165,0.000000,0.000000,adl,adl,0.000000,1
adl-36-cam0-rgb,3,360,360,121,180,0.000000,0.000000,adl,adl,0.000000,1
adl-36-cam0-rgb,3,361,361,136,195,0.000000,0.000000,adl,adl,0.000000,1
adl-36-cam0-rgb,3,362,362,151,210,0.000000,0.000000,adl,adl,0.036000,1
adl-36-cam0-rgb,3,363,363,166,225,0.000000,0.000000,adl,adl,0.032000,1
adl-36-cam0-rgb,3,364,364,181,240,0.000000,0.000000,adl,adl,0.018000,1
adl-36-cam0-rgb,3,365,365,196,255,0.000000,0.000000,adl,adl,0.332000,1
adl-36-cam0-rgb,3,366,366,211,270,0.000000,0.000000,adl,adl,0.172000,1
adl-36-cam0-rgb,3,367,367,226,285,0.000000,0.000000,adl,adl,0.024000,1
adl-36-cam0-rgb,3,368,368,241,300,0.000000,0.000000,adl,adl,0.024000,1
adl-36-cam0-rgb,3,369,369,256,315,0.000000,0.000000,adl,adl,0.026000,1
adl-36-cam0-rgb,3,370,370,271,330,0.000000,0.000000,adl,adl,0.042000,1
adl-37-cam0-rgb,2,371,371,1,60,0.000000,0.000000,adl,adl,0.000000,1
adl-37-cam0-rgb,2,372,372,16,75,0.000000,0.000000,adl,adl,0.000000,1
adl-37-cam0-rgb,2,373,373,31,90,0.000000,0.000000,adl,adl,0.000000,1
adl-37-cam0-rgb,2,374,374,46,105,0.000000,0.000000,adl,adl,0.000000,1
adl-37-cam0-rgb,2,375,375,61,120,0.000000,0.000000,adl,adl,0.000000,1
adl-37-cam0-rgb,2,376,376,76,135,0.000000,0.000000,adl,adl,0.000000,1
adl-37-cam0-rgb,2,377,377,91,150,0.000000,0.000000,adl,adl,0.000000,1
adl-37-cam0-rgb,2,378,378,106,165,0.000000,0.000000,adl,adl,0.004000,1
adl-37-cam0-rgb,2,379,379,121,180,0.000000,0.000000,adl,adl,0.008000,1
adl-37-cam0-rgb,2,380,380,136,195,0.000000,0.000000,adl,adl,0.012000,1
adl-37-cam0-rgb,2,381,381,151,210,0.000000,0.000000,adl,adl,0.022000,1
adl-37-cam0-rgb,2,382,382,166,225,0.000000,0.000000,adl,adl,0.226000,1
adl-37-cam0-rgb,2,383,383,181,240,0.000000,0.000000,adl,adl,0.190000,1
adl-37-cam0-rgb,2,384,384,196,255,0.000000,0.000000,adl,adl,0.144000,1
adl-37-cam0-rgb,2,385,385,211,270,0.000000,0.000000,adl,adl,0.052000,1
adl-37-cam0-rgb,2,386,386,226,285,0.000000,0.000000,adl,adl,0.212000,1
adl-37-cam0-rgb,2,387,387,241,300,0.000000,0.000000,adl,adl,0.150000,1
adl-37-cam0-rgb,2,388,388,256,315,0.000000,0.000000,adl,adl,0.038000,1
adl-37-cam0-rgb,2,389,389,271,330,0.000000,0.000000,adl,adl,0.030000,1
adl-37-cam0-rgb,2,390,390,286,345,0.000000,0.000000,adl,adl,0.034000,1
adl-38-cam0-rgb,2,391,391,1,60,0.000000,0.000000,adl,adl,0.000000,1
adl-38-cam0-rgb,2,392,392,16,75,0.000000,0.000000,adl,adl,0.000000,1
adl-38-cam0-rgb,2,393,393,31,90,0.000000,0.000000,adl,adl,0.000000,1
adl-38-cam0-rgb,2,394,394,46,105,0.000000,0.000000,adl,adl,0.000000,1
adl-38-cam0-rgb,2,395,395,61,120,0.000000,0.000000,adl,adl,0.000000,1
adl-38-cam0-rgb,2,396,396,76,135,0.000000,0.000000,adl,adl,0.000000,1
adl-38-cam0-rgb,2,397,397,91,150,0.000000,0.000000,adl,adl,0.000000,1
adl-38-cam0-rgb,2,398,398,106,165,0.000000,0.000000,adl,adl,0.124000,1
adl-38-cam0-rgb,2,399,399,121,180,0.000000,0.000000,adl,adl,0.126000,1
adl-38-cam0-rgb,2,400,400,136,195,0.000000,0.000000,adl,adl,0.010000,1
adl-38-cam0-rgb,2,401,401,151,210,0.000000,0.000000,adl,adl,0.002000,1
adl-38-cam0-rgb,2,402,402,166,225,0.000000,0.000000,adl,adl,0.000000,1
adl-38-cam0-rgb,2,403,403,181,240,0.000000,0.000000,adl,adl,0.000000,1
adl-38-cam0-rgb,2,404,404,196,255,0.000000,0.000000,adl,adl,0.000000,1
adl-39-cam0-rgb,3,405,405,1,60,0.000000,0.000000,adl,adl,0.000000,1
adl-39-cam0-rgb,3,406,406,16,75,0.000000,0.000000,adl,adl,0.000000,1
adl-39-cam0-rgb,3,407,407,31,90,0.000000,0.000000,adl,adl,0.000000,1
adl-39-cam0-rgb,3,408,408,46,105,0.000000,0.000000,adl,adl,0.000000,1
adl-39-cam0-rgb,3,409,409,61,120,0.000000,0.000000,adl,adl,0.000000,1
adl-39-cam0-rgb,3,410,410,76,135,0.000000,0.000000,adl,adl,0.000000,1
adl-39-cam0-rgb,3,411,411,91,150,0.000000,0.000000,adl,adl,0.000000,1
adl-39-cam0-rgb,3,412,412,106,165,0.000000,0.000000,adl,adl,0.082000,1
adl-39-cam0-rgb,3,413,413,121,180,0.000000,0.000000,adl,adl,0.090000,1
adl-39-cam0-rgb,3,414,414,136,195,0.000000,0.000000,adl,adl,0.076000,1
adl-39-cam0-rgb,3,415,415,151,210,0.000000,0.000000,adl,adl,0.002000,1
adl-39-cam0-rgb,3,416,416,166,225,0.000000,0.000000,adl,adl,0.000000,1
adl-39-cam0-rgb,3,417,417,181,240,0.000000,0.000000,adl,adl,0.000000,1
adl-39-cam0-rgb,3,418,418,196,255,0.000000,0.000000,adl,adl,0.000000,1
adl-39-cam0-rgb,3,419,419,211,270,0.000000,0.000000,adl,adl,0.042000,1
adl-40-cam0-rgb,4,420,420,16,75,0.000000,0.000000,adl,adl,0.010000,1
adl-40-cam0-rgb,4,421,421,31,90,0.000000,0.000000,adl,adl,0.006000,1
adl-40-cam0-rgb,4,422,422,46,105,0.000000,0.000000,adl,adl,0.002000,1
adl-40-cam0-rgb,4,423,423,61,120,0.000000,0.000000,adl,adl,0.000000,1
adl-40-cam0-rgb,4,424,424,76,135,0.000000,0.000000,adl,adl,0.000000,1
adl-40-cam0-rgb,4,425,425,91,150,0.000000,0.000000,adl,adl,0.000000,1
adl-40-cam0-rgb,4,426,426,106,165,0.000000,0.000000,adl,adl,0.000000,1
adl-40-cam0-rgb,4,427,427,121,180,0.000000,0.000000,adl,adl,0.000000,1
adl-40-cam0-rgb,4,428,428,136,195,0.000000,0.000000,adl,adl,0.000000,1
adl-40-cam0-rgb,4,429,429,151,210,0.000000,0.000000,adl,adl,0.016000,1
adl-40-cam0-rgb,4,430,430,166,225,0.000000,0.000000,adl,adl,0.092000,1
adl-40-cam0-rgb,4,431,431,181,240,0.000000,0.000000,adl,adl,0.124000,1
adl-40-cam0-rgb,4,432,432,196,255,0.000000,0.000000,adl,adl,0.030000,1
adl-40-cam0-rgb,4,433,433,211,270,0.000000,0.000000,adl,adl,0.002000,1
adl-40-cam0-rgb,4,434,434,226,285,0.000000,0.000000,adl,adl,0.004000,1
adl-40-cam0-rgb,4,435,435,241,300,0.000000,0.000000,adl,adl,0.004000,1
adl-40-cam0-rgb,4,436,436,256,315,0.000000,0.000000,adl,adl,0.006000,1
adl-40-cam0-rgb,4,437,437,271,330,0.000000,0.000000,adl,adl,0.000000,1
fall-01-cam0-rgb,5,438,438,1,60,0.000000,0.000000,adl,adl,0.000000,1
fall-01-cam0-rgb,5,439,439,16,75,0.000000,0.000000,adl,adl,0.000000,1
fall-01-cam0-rgb,5,440,440,61,120,0.000000,0.000000,fall,fall,0.926000,1
fall-01-cam0-rgb,5,441,441,76,135,0.000000,0.000000,fall,adl,0.390000,0
fall-02-cam0-rgb,3,442,442,16,75,0.000000,0.000000,fall,fall,0.952000,1
fall-02-cam0-rgb,3,443,443,31,90,0.000000,0.000000,fall,fall,0.914000,1
fall-03-cam0-rgb,2,444,444,1,60,0.000000,0.000000,adl,adl,0.000000,1
fall-03-cam0-rgb,2,445,445,16,75,0.000000,0.000000,adl,adl,0.000000,1
fall-03-cam0-rgb,2,446,446,31,90,0.000000,0.000000,adl,adl,0.000000,1
fall-03-cam0-rgb,2,447,447,46,105,0.000000,0.000000,adl,adl,0.000000,1
fall-03-cam0-rgb,2,448,448,61,120,0.000000,0.000000,adl,adl,0.000000,1
fall-03-cam0-rgb,2,449,449,76,135,0.000000,0.000000,adl,adl,0.002000,1
fall-03-cam0-rgb,2,450,450,121,180,0.000000,0.000000,fall,adl,0.318000,0
fall-03-cam0-rgb,2,451,451,136,195,0.000000,0.000000,fall,fall,0.854000,1
fall-04-cam0-rgb,4,452,452,1,60,0.000000,0.000000,fall,fall,0.996000,1
fall-05-cam0-rgb,2,453,453,1,60,0.000000,0.000000,adl,adl,0.000000,1
fall-05-cam0-rgb,2,454,454,16,75,0.000000,0.000000,adl,adl,0.000000,1
fall-05-cam0-rgb,2,455,455,61,120,0.000000,0.000000,fall,fall,0.722000,1
fall-05-cam0-rgb,2,456,456,76,135,0.000000,0.000000,fall,fall,0.742000,1
fall-06-cam0-rgb,1,457,457,1,60,0.000000,0.000000,fall,fall,0.970000,1
fall-07-cam0-rgb,1,458,458,1,60,0.000000,0.000000,adl,adl,0.006000,1
fall-07-cam0-rgb,1,459,459,16,75,0.000000,0.000000,adl,adl,0.004000,1
fall-07-cam0-rgb,1,460,460,61,120,0.000000,0.000000,fall,fall,0.974000,1
fall-07-cam0-rgb,1,461,461,76,135,0.000000,0.000000,fall,fall,0.898000,1
fall-08-cam0-rgb,5,462,462,1,60,0.000000,0.000000,fall,fall,0.922000,1
fall-08-cam0-rgb,5,463,463,16,75,0.000000,0.000000,fall,fall,1.000000,1
fall-09-cam0-rgb,1,464,464,1,60,0.000000,0.000000,adl,adl,0.000000,1
fall-09-cam0-rgb,1,465,465,16,75,0.000000,0.000000,adl,adl,0.000000,1
fall-09-cam0-rgb,1,466,466,31,90,0.000000,0.000000,adl,adl,0.000000,1
fall-09-cam0-rgb,1,467,467,46,105,0.000000,0.000000,adl,adl,0.000000,1
fall-09-cam0-rgb,1,468,468,61,120,0.000000,0.000000,adl,adl,0.000000,1
fall-09-cam0-rgb,1,469,469,106,165,0.000000,0.000000,fall,fall,0.878000,1
fall-10-cam0-rgb,3,470,470,16,75,0.000000,0.000000,fall,fall,1.000000,1
fall-10-cam0-rgb,3,471,471,31,90,0.000000,0.000000,fall,fall,0.738000,1
fall-11-cam0-rgb,1,472,472,31,90,0.000000,0.000000,fall,fall,0.968000,1
fall-11-cam0-rgb,1,473,473,46,105,0.000000,0.000000,fall,fall,0.750000,1
fall-12-cam0-rgb,2,474,474,1,60,0.000000,0.000000,fall,fall,0.684000,1
fall-12-cam0-rgb,2,475,475,16,75,0.000000,0.000000,fall,fall,0.988000,1
fall-13-cam0-rgb,3,476,476,16,75,0.000000,0.000000,fall,adl,0.142000,0
fall-14-cam0-rgb,2,477,477,1,60,0.000000,0.000000,fall,fall,0.838000,1
fall-15-cam0-rgb,4,478,478,1,60,0.000000,0.000000,fall,fall,0.996000,1
fall-17-cam0-rgb,2,479,479,31,90,0.000000,0.000000,fall,fall,0.984000,1
fall-18-cam0-rgb,1,480,480,1,60,0.000000,0.000000,fall,fall,0.988000,1
fall-19-cam0-rgb,4,481,481,1,60,0.000000,0.000000,fall,fall,0.992000,1
fall-19-cam0-rgb,4,482,482,16,75,0.000000,0.000000,fall,fall,0.998000,1
fall-20-cam0-rgb,5,483,483,1,60,0.000000,0.000000,fall,fall,0.684000,1
fall-20-cam0-rgb,5,484,484,16,75,0.000000,0.000000,fall,fall,0.846000,1
fall-23-cam0-rgb,4,485,485,1,60,0.000000,0.000000,fall,fall,0.968000,1
fall-23-cam0-rgb,4,486,486,16,75,0.000000,0.000000,fall,fall,0.996000,1
fall-24-cam0-rgb,4,487,487,1,60,0.000000,0.000000,fall,fall,0.924000,1
fall-25-cam0-rgb,1,488,488,16,75,0.000000,0.000000,fall,fall,0.896000,1
fall-26-cam0-rgb,5,489,489,1,60,0.000000,0.000000,fall,fall,0.896000,1
fall-27-cam0-rgb,5,490,490,31,90,0.000000,0.000000,fall,fall,0.966000,1
fall-28-cam0-rgb,3,491,491,1,60,0.000000,0.000000,fall,fall,1.000000,1
fall-29-cam0-rgb,3,492,492,31,90,0.000000,0.000000,fall,fall,1.000000,1
fall-30-cam0-rgb,1,493,493,1,60,0.000000,0.000000,fall,fall,1.000000,1
