video_id,source_file,start_frame,end_frame,label,seed,fold,fall_probability,threshold,y_pred
adl-02-cam0-rgb,data/keypoints_ur/adl/adl-02-cam0-rgb.npz,1,45,0,42,1,6.564273e-05,0.9809139370918274,0
adl-02-cam0-rgb,data/keypoints_ur/adl/adl-02-cam0-rgb.npz,16,60,0,42,1,6.014037e-05,0.9809139370918274,0
adl-02-cam0-rgb,data/keypoints_ur/adl/adl-02-cam0-rgb.npz,31,75,0,42,1,6.0483388e-05,0.9809139370918274,0
adl-02-cam0-rgb,data/keypoints_ur/adl/adl-02-cam0-rgb.npz,46,90,0,42,1,6.102334e-05,0.9809139370918274,0
adl-02-cam0-rgb,data/keypoints_ur/adl/adl-02-cam0-rgb.npz,61,105,0,42,1,6.0015765e-05,0.9809139370918274,0
adl-02-cam0-rgb,data/keypoints_ur/adl/adl-02-cam0-rgb.npz,76,120,0,42,1,6.010322e-05,0.9809139370918274,0
adl-02-cam0-rgb,data/keypoints_ur/adl/adl-02-cam0-rgb.npz,91,135,0,42,1,6.996298e-05,0.9809139370918274,0
adl-02-cam0-rgb,data/keypoints_ur/adl/adl-02-cam0-rgb.npz,106,150,0,42,1,0.00021368085,0.9809139370918274,0
adl-02-cam0-rgb,data/keypoints_ur/adl/adl-02-cam0-rgb.npz,121,165,0,42,1,0.029678721,0.9809139370918274,0
adl-02-cam0-rgb,data/keypoints_ur/adl/adl-02-cam0-rgb.npz,136,180,0,42,1,0.28464422,0.9809139370918274,0
adl-12-cam0-rgb,data/keypoints_ur/adl/adl-12-cam0-rgb.npz,31,75,0,42,1,0.00012875102,0.9809139370918274,0
adl-12-cam0-rgb,data/keypoints_ur/adl/adl-12-cam0-rgb.npz,46,90,0,42,1,0.00011248749,0.9809139370918274,0
adl-12-cam0-rgb,data/keypoints_ur/adl/adl-12-cam0-rgb.npz,61,105,0,42,1,0.00011354469,0.9809139370918274,0
adl-12-cam0-rgb,data/keypoints_ur/adl/adl-12-cam0-rgb.npz,76,120,0,42,1,0.00011580267,0.9809139370918274,0
adl-12-cam0-rgb,data/keypoints_ur/adl/adl-12-cam0-rgb.npz,91,135,0,42,1,0.000119716104,0.9809139370918274,0
adl-12-cam0-rgb,data/keypoints_ur/adl/adl-12-cam0-rgb.npz,106,150,0,42,1,0.00012519752,0.9809139370918274,0
adl-12-cam0-rgb,data/keypoints_ur/adl/adl-12-cam0-rgb.npz,121,165,0,42,1,0.00013380285,0.9809139370918274,0
adl-12-cam0-rgb,data/keypoints_ur/adl/adl-12-cam0-rgb.npz,136,180,0,42,1,0.00016084735,0.9809139370918274,0
adl-12-cam0-rgb,data/keypoints_ur/adl/adl-12-cam0-rgb.npz,151,195,0,42,1,0.00018589293,0.9809139370918274,0
adl-12-cam0-rgb,data/keypoints_ur/adl/adl-12-cam0-rgb.npz,166,210,0,42,1,0.00015214933,0.9809139370918274,0
adl-12-cam0-rgb,data/keypoints_ur/adl/adl-12-cam0-rgb.npz,181,225,0,42,1,0.00016669283,0.9809139370918274,0
adl-12-cam0-rgb,data/keypoints_ur/adl/adl-12-cam0-rgb.npz,196,240,0,42,1,0.00018597912,0.9809139370918274,0
adl-14-cam0-rgb,data/keypoints_ur/adl/adl-14-cam0-rgb.npz,31,75,0,42,1,0.00012467477,0.9809139370918274,0
adl-14-cam0-rgb,data/keypoints_ur/adl/adl-14-cam0-rgb.npz,46,90,0,42,1,0.00012739215,0.9809139370918274,0
adl-14-cam0-rgb,data/keypoints_ur/adl/adl-14-cam0-rgb.npz,61,105,0,42,1,0.00011282287,0.9809139370918274,0
adl-14-cam0-rgb,data/keypoints_ur/adl/adl-14-cam0-rgb.npz,76,120,0,42,1,0.0001149404,0.9809139370918274,0
adl-14-cam0-rgb,data/keypoints_ur/adl/adl-14-cam0-rgb.npz,91,135,0,42,1,0.000118283184,0.9809139370918274,0
adl-14-cam0-rgb,data/keypoints_ur/adl/adl-14-cam0-rgb.npz,106,150,0,42,1,0.00012130858,0.9809139370918274,0
adl-14-cam0-rgb,data/keypoints_ur/adl/adl-14-cam0-rgb.npz,121,165,0,42,1,0.00012190321,0.9809139370918274,0
adl-14-cam0-rgb,data/keypoints_ur/adl/adl-14-cam0-rgb.npz,136,180,0,42,1,0.00012512328,0.9809139370918274,0
adl-14-cam0-rgb,data/keypoints_ur/adl/adl-14-cam0-rgb.npz,151,195,0,42,1,0.00012270888,0.9809139370918274,0
adl-14-cam0-rgb,data/keypoints_ur/adl/adl-14-cam0-rgb.npz,166,210,0,42,1,0.00011895165,0.9809139370918274,0
adl-14-cam0-rgb,data/keypoints_ur/adl/adl-14-cam0-rgb.npz,181,225,0,42,1,0.0001254645,0.9809139370918274,0
adl-22-cam0-rgb,data/keypoints_ur/adl/adl-22-cam0-rgb.npz,16,60,0,42,1,0.00011087699,0.9809139370918274,0
adl-22-cam0-rgb,data/keypoints_ur/adl/adl-22-cam0-rgb.npz,31,75,0,42,1,0.00011191647,0.9809139370918274,0
adl-22-cam0-rgb,data/keypoints_ur/adl/adl-22-cam0-rgb.npz,46,90,0,42,1,0.00011395775,0.9809139370918274,0
adl-22-cam0-rgb,data/keypoints_ur/adl/adl-22-cam0-rgb.npz,61,105,0,42,1,0.00011905502,0.9809139370918274,0
adl-22-cam0-rgb,data/keypoints_ur/adl/adl-22-cam0-rgb.npz,76,120,0,42,1,0.00014036121,0.9809139370918274,0
adl-22-cam0-rgb,data/keypoints_ur/adl/adl-22-cam0-rgb.npz,91,135,0,42,1,0.0004989623,0.9809139370918274,0
adl-22-cam0-rgb,data/keypoints_ur/adl/adl-22-cam0-rgb.npz,106,150,0,42,1,0.009586788,0.9809139370918274,0
adl-22-cam0-rgb,data/keypoints_ur/adl/adl-22-cam0-rgb.npz,121,165,0,42,1,0.00011995813,0.9809139370918274,0
adl-22-cam0-rgb,data/keypoints_ur/adl/adl-22-cam0-rgb.npz,136,180,0,42,1,6.4342e-05,0.9809139370918274,0
adl-22-cam0-rgb,data/keypoints_ur/adl/adl-22-cam0-rgb.npz,151,195,0,42,1,5.9599588e-05,0.9809139370918274,0
adl-22-cam0-rgb,data/keypoints_ur/adl/adl-22-cam0-rgb.npz,166,210,0,42,1,8.350997e-05,0.9809139370918274,0
adl-25-cam0-rgb,data/keypoints_ur/adl/adl-25-cam0-rgb.npz,1,45,0,42,1,0.00032195117,0.9809139370918274,0
adl-25-cam0-rgb,data/keypoints_ur/adl/adl-25-cam0-rgb.npz,16,60,0,42,1,0.00021799542,0.9809139370918274,0
adl-25-cam0-rgb,data/keypoints_ur/adl/adl-25-cam0-rgb.npz,31,75,0,42,1,0.00016875619,0.9809139370918274,0
adl-25-cam0-rgb,data/keypoints_ur/adl/adl-25-cam0-rgb.npz,46,90,0,42,1,0.00016844703,0.9809139370918274,0
adl-25-cam0-rgb,data/keypoints_ur/adl/adl-25-cam0-rgb.npz,61,105,0,42,1,0.0001937964,0.9809139370918274,0
adl-29-cam0-rgb,data/keypoints_ur/adl/adl-29-cam0-rgb.npz,1,45,0,42,1,0.00017787858,0.9809139370918274,0
adl-29-cam0-rgb,data/keypoints_ur/adl/adl-29-cam0-rgb.npz,16,60,0,42,1,0.00029583526,0.9809139370918274,0
adl-29-cam0-rgb,data/keypoints_ur/adl/adl-29-cam0-rgb.npz,31,75,0,42,1,0.00077372073,0.9809139370918274,0
adl-29-cam0-rgb,data/keypoints_ur/adl/adl-29-cam0-rgb.npz,46,90,0,42,1,0.00043048357,0.9809139370918274,0
adl-29-cam0-rgb,data/keypoints_ur/adl/adl-29-cam0-rgb.npz,61,105,0,42,1,0.00036571408,0.9809139370918274,0
adl-29-cam0-rgb,data/keypoints_ur/adl/adl-29-cam0-rgb.npz,76,120,0,42,1,0.00042423402,0.9809139370918274,0
adl-30-cam0-rgb,data/keypoints_ur/adl/adl-30-cam0-rgb.npz,16,60,0,42,1,0.00011777783,0.9809139370918274,0
adl-30-cam0-rgb,data/keypoints_ur/adl/adl-30-cam0-rgb.npz,31,75,0,42,1,0.000118295364,0.9809139370918274,0
adl-30-cam0-rgb,data/keypoints_ur/adl/adl-30-cam0-rgb.npz,46,90,0,42,1,0.00011889655,0.9809139370918274,0
adl-30-cam0-rgb,data/keypoints_ur/adl/adl-30-cam0-rgb.npz,61,105,0,42,1,0.00012161795,0.9809139370918274,0
adl-30-cam0-rgb,data/keypoints_ur/adl/adl-30-cam0-rgb.npz,76,120,0,42,1,0.00012178517,0.9809139370918274,0
adl-30-cam0-rgb,data/keypoints_ur/adl/adl-30-cam0-rgb.npz,91,135,0,42,1,0.000121273995,0.9809139370918274,0
adl-30-cam0-rgb,data/keypoints_ur/adl/adl-30-cam0-rgb.npz,106,150,0,42,1,0.00011830641,0.9809139370918274,0
adl-30-cam0-rgb,data/keypoints_ur/adl/adl-30-cam0-rgb.npz,121,165,0,42,1,0.00011715415,0.9809139370918274,0
adl-30-cam0-rgb,data/keypoints_ur/adl/adl-30-cam0-rgb.npz,136,180,0,42,1,0.00012221771,0.9809139370918274,0
adl-30-cam0-rgb,data/keypoints_ur/adl/adl-30-cam0-rgb.npz,151,195,0,42,1,0.000126767,0.9809139370918274,0
adl-30-cam0-rgb,data/keypoints_ur/adl/adl-30-cam0-rgb.npz,166,210,0,42,1,0.00012235157,0.9809139370918274,0
adl-30-cam0-rgb,data/keypoints_ur/adl/adl-30-cam0-rgb.npz,181,225,0,42,1,0.0038137983,0.9809139370918274,0
adl-30-cam0-rgb,data/keypoints_ur/adl/adl-30-cam0-rgb.npz,196,240,0,42,1,0.0060512805,0.9809139370918274,0
adl-30-cam0-rgb,data/keypoints_ur/adl/adl-30-cam0-rgb.npz,211,255,0,42,1,0.008422127,0.9809139370918274,0
adl-30-cam0-rgb,data/keypoints_ur/adl/adl-30-cam0-rgb.npz,226,270,0,42,1,0.00018616984,0.9809139370918274,0
adl-30-cam0-rgb,data/keypoints_ur/adl/adl-30-cam0-rgb.npz,241,285,0,42,1,0.0001918088,0.9809139370918274,0
adl-30-cam0-rgb,data/keypoints_ur/adl/adl-30-cam0-rgb.npz,256,300,0,42,1,0.000104836174,0.9809139370918274,0
adl-30-cam0-rgb,data/keypoints_ur/adl/adl-30-cam0-rgb.npz,271,315,0,42,1,0.00010544082,0.9809139370918274,0
adl-30-cam0-rgb,data/keypoints_ur/adl/adl-30-cam0-rgb.npz,286,330,0,42,1,0.0001049299,0.9809139370918274,0
adl-30-cam0-rgb,data/keypoints_ur/adl/adl-30-cam0-rgb.npz,301,345,0,42,1,0.000104145474,0.9809139370918274,0
adl-30-cam0-rgb,data/keypoints_ur/adl/adl-30-cam0-rgb.npz,316,360,0,42,1,0.00010394338,0.9809139370918274,0
adl-30-cam0-rgb,data/keypoints_ur/adl/adl-30-cam0-rgb.npz,331,375,0,42,1,0.000102845246,0.9809139370918274,0
adl-30-cam0-rgb,data/keypoints_ur/adl/adl-30-cam0-rgb.npz,346,390,0,42,1,0.0001011608,0.9809139370918274,0
adl-38-cam0-rgb,data/keypoints_ur/adl/adl-38-cam0-rgb.npz,1,45,0,42,1,0.000103097496,0.9809139370918274,0
adl-38-cam0-rgb,data/keypoints_ur/adl/adl-38-cam0-rgb.npz,16,60,0,42,1,0.00011645358,0.9809139370918274,0
adl-38-cam0-rgb,data/keypoints_ur/adl/adl-38-cam0-rgb.npz,31,75,0,42,1,0.00011742393,0.9809139370918274,0
adl-38-cam0-rgb,data/keypoints_ur/adl/adl-38-cam0-rgb.npz,46,90,0,42,1,0.00011929696,0.9809139370918274,0
adl-38-cam0-rgb,data/keypoints_ur/adl/adl-38-cam0-rgb.npz,61,105,0,42,1,0.00011980951,0.9809139370918274,0
adl-38-cam0-rgb,data/keypoints_ur/adl/adl-38-cam0-rgb.npz,76,120,0,42,1,0.00011858415,0.9809139370918274,0
adl-38-cam0-rgb,data/keypoints_ur/adl/adl-38-cam0-rgb.npz,91,135,0,42,1,0.00011701247,0.9809139370918274,0
adl-38-cam0-rgb,data/keypoints_ur/adl/adl-38-cam0-rgb.npz,106,150,0,42,1,0.00011932177,0.9809139370918274,0
adl-38-cam0-rgb,data/keypoints_ur/adl/adl-38-cam0-rgb.npz,121,165,0,42,1,0.0001321866,0.9809139370918274,0
adl-38-cam0-rgb,data/keypoints_ur/adl/adl-38-cam0-rgb.npz,136,180,0,42,1,0.00013339634,0.9809139370918274,0
adl-38-cam0-rgb,data/keypoints_ur/adl/adl-38-cam0-rgb.npz,151,195,0,42,1,0.00020744391,0.9809139370918274,0
adl-38-cam0-rgb,data/keypoints_ur/adl/adl-38-cam0-rgb.npz,166,210,0,42,1,0.000212561,0.9809139370918274,0
adl-38-cam0-rgb,data/keypoints_ur/adl/adl-38-cam0-rgb.npz,181,225,0,42,1,0.00021803741,0.9809139370918274,0
adl-38-cam0-rgb,data/keypoints_ur/adl/adl-38-cam0-rgb.npz,196,240,0,42,1,0.0002161822,0.9809139370918274,0
fall-02-cam0-rgb,data/keypoints_ur/fall/fall-02-cam0-rgb.npz,31,75,1,42,1,0.99990284,0.9809139370918274,1
fall-02-cam0-rgb,data/keypoints_ur/fall/fall-02-cam0-rgb.npz,46,90,1,42,1,0.9998903,0.9809139370918274,1
fall-09-cam0-rgb,data/keypoints_ur/fall/fall-09-cam0-rgb.npz,1,45,0,42,1,0.00010325049,0.9809139370918274,0
fall-09-cam0-rgb,data/keypoints_ur/fall/fall-09-cam0-rgb.npz,16,60,0,42,1,0.00031572123,0.9809139370918274,0
fall-09-cam0-rgb,data/keypoints_ur/fall/fall-09-cam0-rgb.npz,31,75,0,42,1,0.00017714773,0.9809139370918274,0
fall-09-cam0-rgb,data/keypoints_ur/fall/fall-09-cam0-rgb.npz,46,90,0,42,1,0.00014573259,0.9809139370918274,0
fall-09-cam0-rgb,data/keypoints_ur/fall/fall-09-cam0-rgb.npz,61,105,0,42,1,0.00016872352,0.9809139370918274,0
fall-09-cam0-rgb,data/keypoints_ur/fall/fall-09-cam0-rgb.npz,76,120,0,42,1,0.00014531077,0.9809139370918274,0
fall-09-cam0-rgb,data/keypoints_ur/fall/fall-09-cam0-rgb.npz,106,150,1,42,1,0.9997707,0.9809139370918274,1
fall-09-cam0-rgb,data/keypoints_ur/fall/fall-09-cam0-rgb.npz,121,165,1,42,1,0.999833,0.9809139370918274,1
fall-16-cam0-rgb,data/keypoints_ur/fall/fall-16-cam0-rgb.npz,1,45,1,42,1,0.9997397,0.9809139370918274,1
fall-19-cam0-rgb,data/keypoints_ur/fall/fall-19-cam0-rgb.npz,16,60,1,42,1,0.9997706,0.9809139370918274,1
fall-19-cam0-rgb,data/keypoints_ur/fall/fall-19-cam0-rgb.npz,31,75,1,42,1,0.99981064,0.9809139370918274,1
fall-20-cam0-rgb,data/keypoints_ur/fall/fall-20-cam0-rgb.npz,1,45,1,42,1,6.5085806e-05,0.9809139370918274,0
fall-20-cam0-rgb,data/keypoints_ur/fall/fall-20-cam0-rgb.npz,16,60,1,42,1,0.00026791927,0.9809139370918274,0
fall-20-cam0-rgb,data/keypoints_ur/fall/fall-20-cam0-rgb.npz,61,105,0,42,1,0.52014905,0.9809139370918274,0
fall-21-cam0-rgb,data/keypoints_ur/fall/fall-21-cam0-rgb.npz,1,45,1,42,1,0.0017194474,0.9809139370918274,0
adl-03-cam0-rgb,data/keypoints_ur/adl/adl-03-cam0-rgb.npz,1,45,0,42,2,0.00034730145,0.9978671073913574,0
adl-03-cam0-rgb,data/keypoints_ur/adl/adl-03-cam0-rgb.npz,16,60,0,42,2,0.00043808104,0.9978671073913574,0
adl-03-cam0-rgb,data/keypoints_ur/adl/adl-03-cam0-rgb.npz,31,75,0,42,2,0.0007224648,0.9978671073913574,0
adl-03-cam0-rgb,data/keypoints_ur/adl/adl-03-cam0-rgb.npz,46,90,0,42,2,0.00034307883,0.9978671073913574,0
adl-03-cam0-rgb,data/keypoints_ur/adl/adl-03-cam0-rgb.npz,61,105,0,42,2,0.000163379,0.9978671073913574,0
adl-03-cam0-rgb,data/keypoints_ur/adl/adl-03-cam0-rgb.npz,76,120,0,42,2,0.00010750813,0.9978671073913574,0
adl-03-cam0-rgb,data/keypoints_ur/adl/adl-03-cam0-rgb.npz,91,135,0,42,2,8.761655e-05,0.9978671073913574,0
adl-03-cam0-rgb,data/keypoints_ur/adl/adl-03-cam0-rgb.npz,106,150,0,42,2,6.899184e-05,0.9978671073913574,0
adl-03-cam0-rgb,data/keypoints_ur/adl/adl-03-cam0-rgb.npz,121,165,0,42,2,7.038457e-05,0.9978671073913574,0
adl-03-cam0-rgb,data/keypoints_ur/adl/adl-03-cam0-rgb.npz,136,180,0,42,2,7.217337e-05,0.9978671073913574,0
adl-13-cam0-rgb,data/keypoints_ur/adl/adl-13-cam0-rgb.npz,31,75,0,42,2,8.804369e-05,0.9978671073913574,0
adl-13-cam0-rgb,data/keypoints_ur/adl/adl-13-cam0-rgb.npz,46,90,0,42,2,9.026317e-05,0.9978671073913574,0
adl-13-cam0-rgb,data/keypoints_ur/adl/adl-13-cam0-rgb.npz,61,105,0,42,2,8.778993e-05,0.9978671073913574,0
adl-13-cam0-rgb,data/keypoints_ur/adl/adl-13-cam0-rgb.npz,76,120,0,42,2,9.461677e-05,0.9978671073913574,0
adl-13-cam0-rgb,data/keypoints_ur/adl/adl-13-cam0-rgb.npz,91,135,0,42,2,0.00010661801,0.9978671073913574,0
adl-13-cam0-rgb,data/keypoints_ur/adl/adl-13-cam0-rgb.npz,106,150,0,42,2,0.00011805962,0.9978671073913574,0
adl-13-cam0-rgb,data/keypoints_ur/adl/adl-13-cam0-rgb.npz,121,165,0,42,2,0.00012390014,0.9978671073913574,0
adl-13-cam0-rgb,data/keypoints_ur/adl/adl-13-cam0-rgb.npz,136,180,0,42,2,0.00011528265,0.9978671073913574,0
adl-13-cam0-rgb,data/keypoints_ur/adl/adl-13-cam0-rgb.npz,151,195,0,42,2,0.00010024452,0.9978671073913574,0
adl-13-cam0-rgb,data/keypoints_ur/adl/adl-13-cam0-rgb.npz,166,210,0,42,2,9.7828124e-05,0.9978671073913574,0
adl-13-cam0-rgb,data/keypoints_ur/adl/adl-13-cam0-rgb.npz,181,225,0,42,2,8.95813e-05,0.9978671073913574,0
adl-13-cam0-rgb,data/keypoints_ur/adl/adl-13-cam0-rgb.npz,196,240,0,42,2,0.000125448,0.9978671073913574,0
adl-13-cam0-rgb,data/keypoints_ur/adl/adl-13-cam0-rgb.npz,211,255,0,42,2,0.00011193986,0.9978671073913574,0
adl-19-cam0-rgb,data/keypoints_ur/adl/adl-19-cam0-rgb.npz,46,90,0,42,2,8.9353336e-05,0.9978671073913574,0
adl-19-cam0-rgb,data/keypoints_ur/adl/adl-19-cam0-rgb.npz,61,105,0,42,2,9.2220056e-05,0.9978671073913574,0
adl-19-cam0-rgb,data/keypoints_ur/adl/adl-19-cam0-rgb.npz,76,120,0,42,2,8.813173e-05,0.9978671073913574,0
adl-19-cam0-rgb,data/keypoints_ur/adl/adl-19-cam0-rgb.npz,91,135,0,42,2,9.061021e-05,0.9978671073913574,0
adl-19-cam0-rgb,data/keypoints_ur/adl/adl-19-cam0-rgb.npz,106,150,0,42,2,9.057823e-05,0.9978671073913574,0
adl-19-cam0-rgb,data/keypoints_ur/adl/adl-19-cam0-rgb.npz,121,165,0,42,2,8.813527e-05,0.9978671073913574,0
adl-19-cam0-rgb,data/keypoints_ur/adl/adl-19-cam0-rgb.npz,136,180,0,42,2,8.210428e-05,0.9978671073913574,0
adl-19-cam0-rgb,data/keypoints_ur/adl/adl-19-cam0-rgb.npz,151,195,0,42,2,7.599696e-05,0.9978671073913574,0
adl-19-cam0-rgb,data/keypoints_ur/adl/adl-19-cam0-rgb.npz,166,210,0,42,2,7.041141e-05,0.9978671073913574,0
adl-19-cam0-rgb,data/keypoints_ur/adl/adl-19-cam0-rgb.npz,181,225,0,42,2,7.029214e-05,0.9978671073913574,0
adl-21-cam0-rgb,data/keypoints_ur/adl/adl-21-cam0-rgb.npz,46,90,0,42,2,8.859669e-05,0.9978671073913574,0
adl-21-cam0-rgb,data/keypoints_ur/adl/adl-21-cam0-rgb.npz,61,105,0,42,2,8.564303e-05,0.9978671073913574,0
adl-21-cam0-rgb,data/keypoints_ur/adl/adl-21-cam0-rgb.npz,76,120,0,42,2,9.006559e-05,0.9978671073913574,0
adl-21-cam0-rgb,data/keypoints_ur/adl/adl-21-cam0-rgb.npz,91,135,0,42,2,0.00010036933,0.9978671073913574,0
adl-21-cam0-rgb,data/keypoints_ur/adl/adl-21-cam0-rgb.npz,106,150,0,42,2,0.00012136551,0.9978671073913574,0
adl-21-cam0-rgb,data/keypoints_ur/adl/adl-21-cam0-rgb.npz,121,165,0,42,2,0.00017654133,0.9978671073913574,0
adl-21-cam0-rgb,data/keypoints_ur/adl/adl-21-cam0-rgb.npz,136,180,0,42,2,0.00025693685,0.9978671073913574,0
adl-21-cam0-rgb,data/keypoints_ur/adl/adl-21-cam0-rgb.npz,151,195,0,42,2,0.00022297201,0.9978671073913574,0
adl-21-cam0-rgb,data/keypoints_ur/adl/adl-21-cam0-rgb.npz,166,210,0,42,2,0.00018040586,0.9978671073913574,0
adl-21-cam0-rgb,data/keypoints_ur/adl/adl-21-cam0-rgb.npz,181,225,0,42,2,0.00017076592,0.9978671073913574,0
adl-21-cam0-rgb,data/keypoints_ur/adl/adl-21-cam0-rgb.npz,196,240,0,42,2,0.00017400793,0.9978671073913574,0
adl-21-cam0-rgb,data/keypoints_ur/adl/adl-21-cam0-rgb.npz,211,255,0,42,2,0.00017101703,0.9978671073913574,0
adl-23-cam0-rgb,data/keypoints_ur/adl/adl-23-cam0-rgb.npz,1,45,0,42,2,8.8770306e-05,0.9978671073913574,0
adl-23-cam0-rgb,data/keypoints_ur/adl/adl-23-cam0-rgb.npz,16,60,0,42,2,8.564148e-05,0.9978671073913574,0
adl-23-cam0-rgb,data/keypoints_ur/adl/adl-23-cam0-rgb.npz,31,75,0,42,2,8.965249e-05,0.9978671073913574,0
adl-23-cam0-rgb,data/keypoints_ur/adl/adl-23-cam0-rgb.npz,46,90,0,42,2,9.8147604e-05,0.9978671073913574,0
adl-23-cam0-rgb,data/keypoints_ur/adl/adl-23-cam0-rgb.npz,61,105,0,42,2,0.00012031578,0.9978671073913574,0
adl-23-cam0-rgb,data/keypoints_ur/adl/adl-23-cam0-rgb.npz,76,120,0,42,2,0.00016119637,0.9978671073913574,0
adl-23-cam0-rgb,data/keypoints_ur/adl/adl-23-cam0-rgb.npz,91,135,0,42,2,0.0003217861,0.9978671073913574,0
adl-23-cam0-rgb,data/keypoints_ur/adl/adl-23-cam0-rgb.npz,106,150,0,42,2,0.0008703173,0.9978671073913574,0
adl-23-cam0-rgb,data/keypoints_ur/adl/adl-23-cam0-rgb.npz,121,165,0,42,2,0.00030766297,0.9978671073913574,0
adl-23-cam0-rgb,data/keypoints_ur/adl/adl-23-cam0-rgb.npz,136,180,0,42,2,0.00026049349,0.9978671073913574,0
adl-24-cam0-rgb,data/keypoints_ur/adl/adl-24-cam0-rgb.npz,1,45,0,42,2,0.120301455,0.9978671073913574,0
adl-24-cam0-rgb,data/keypoints_ur/adl/adl-24-cam0-rgb.npz,16,60,0,42,2,0.089192435,0.9978671073913574,0
adl-31-cam0-rgb,data/keypoints_ur/adl/adl-31-cam0-rgb.npz,1,45,0,42,2,0.00029531616,0.9978671073913574,0
adl-31-cam0-rgb,data/keypoints_ur/adl/adl-31-cam0-rgb.npz,16,60,0,42,2,0.0003073622,0.9978671073913574,0
adl-31-cam0-rgb,data/keypoints_ur/adl/adl-31-cam0-rgb.npz,31,75,0,42,2,0.0003048774,0.9978671073913574,0
adl-31-cam0-rgb,data/keypoints_ur/adl/adl-31-cam0-rgb.npz,46,90,0,42,2,0.00037151837,0.9978671073913574,0
adl-31-cam0-rgb,data/keypoints_ur/adl/adl-31-cam0-rgb.npz,61,105,0,42,2,0.00023823464,0.9978671073913574,0
adl-31-cam0-rgb,data/keypoints_ur/adl/adl-31-cam0-rgb.npz,76,120,0,42,2,0.00019884974,0.9978671073913574,0
adl-31-cam0-rgb,data/keypoints_ur/adl/adl-31-cam0-rgb.npz,91,135,0,42,2,0.00017481833,0.9978671073913574,0
adl-31-cam0-rgb,data/keypoints_ur/adl/adl-31-cam0-rgb.npz,106,150,0,42,2,0.00015106572,0.9978671073913574,0
adl-31-cam0-rgb,data/keypoints_ur/adl/adl-31-cam0-rgb.npz,121,165,0,42,2,0.00018569826,0.9978671073913574,0
adl-31-cam0-rgb,data/keypoints_ur/adl/adl-31-cam0-rgb.npz,136,180,0,42,2,0.00017166336,0.9978671073913574,0
adl-31-cam0-rgb,data/keypoints_ur/adl/adl-31-cam0-rgb.npz,151,195,0,42,2,0.0001777531,0.9978671073913574,0
adl-31-cam0-rgb,data/keypoints_ur/adl/adl-31-cam0-rgb.npz,166,210,0,42,2,0.00015440813,0.9978671073913574,0
adl-31-cam0-rgb,data/keypoints_ur/adl/adl-31-cam0-rgb.npz,181,225,0,42,2,0.00016655604,0.9978671073913574,0
adl-31-cam0-rgb,data/keypoints_ur/adl/adl-31-cam0-rgb.npz,196,240,0,42,2,0.00016756692,0.9978671073913574,0
adl-37-cam0-rgb,data/keypoints_ur/adl/adl-37-cam0-rgb.npz,1,45,0,42,2,8.518704e-05,0.9978671073913574,0
adl-37-cam0-rgb,data/keypoints_ur/adl/adl-37-cam0-rgb.npz,16,60,0,42,2,8.931782e-05,0.9978671073913574,0
adl-37-cam0-rgb,data/keypoints_ur/adl/adl-37-cam0-rgb.npz,31,75,0,42,2,9.0274705e-05,0.9978671073913574,0
adl-37-cam0-rgb,data/keypoints_ur/adl/adl-37-cam0-rgb.npz,46,90,0,42,2,9.182273e-05,0.9978671073913574,0
adl-37-cam0-rgb,data/keypoints_ur/adl/adl-37-cam0-rgb.npz,61,105,0,42,2,9.301838e-05,0.9978671073913574,0
adl-37-cam0-rgb,data/keypoints_ur/adl/adl-37-cam0-rgb.npz,76,120,0,42,2,9.288109e-05,0.9978671073913574,0
adl-37-cam0-rgb,data/keypoints_ur/adl/adl-37-cam0-rgb.npz,91,135,0,42,2,9.3871306e-05,0.9978671073913574,0
adl-37-cam0-rgb,data/keypoints_ur/adl/adl-37-cam0-rgb.npz,106,150,0,42,2,9.799843e-05,0.9978671073913574,0
adl-37-cam0-rgb,data/keypoints_ur/adl/adl-37-cam0-rgb.npz,121,165,0,42,2,0.000115895695,0.9978671073913574,0
adl-37-cam0-rgb,data/keypoints_ur/adl/adl-37-cam0-rgb.npz,136,180,0,42,2,0.00014529427,0.9978671073913574,0
adl-37-cam0-rgb,data/keypoints_ur/adl/adl-37-cam0-rgb.npz,151,195,0,42,2,0.00020812107,0.9978671073913574,0
adl-37-cam0-rgb,data/keypoints_ur/adl/adl-37-cam0-rgb.npz,166,210,0,42,2,0.00028319377,0.9978671073913574,0
adl-37-cam0-rgb,data/keypoints_ur/adl/adl-37-cam0-rgb.npz,181,225,0,42,2,0.00063232396,0.9978671073913574,0
adl-37-cam0-rgb,data/keypoints_ur/adl/adl-37-cam0-rgb.npz,196,240,0,42,2,0.0003389943,0.9978671073913574,0
adl-37-cam0-rgb,data/keypoints_ur/adl/adl-37-cam0-rgb.npz,211,255,0,42,2,0.0006106514,0.9978671073913574,0
adl-37-cam0-rgb,data/keypoints_ur/adl/adl-37-cam0-rgb.npz,226,270,0,42,2,0.009658405,0.9978671073913574,0
adl-37-cam0-rgb,data/keypoints_ur/adl/adl-37-cam0-rgb.npz,241,285,0,42,2,0.0005415365,0.9978671073913574,0
adl-37-cam0-rgb,data/keypoints_ur/adl/adl-37-cam0-rgb.npz,256,300,0,42,2,0.00028047347,0.9978671073913574,0
adl-37-cam0-rgb,data/keypoints_ur/adl/adl-37-cam0-rgb.npz,271,315,0,42,2,0.00040940644,0.9978671073913574,0
adl-37-cam0-rgb,data/keypoints_ur/adl/adl-37-cam0-rgb.npz,286,330,0,42,2,0.00045045087,0.9978671073913574,0
adl-37-cam0-rgb,data/keypoints_ur/adl/adl-37-cam0-rgb.npz,301,345,0,42,2,0.00045269224,0.9978671073913574,0
fall-07-cam0-rgb,data/keypoints_ur/fall/fall-07-cam0-rgb.npz,1,45,0,42,2,0.00035668453,0.9978671073913574,0
fall-07-cam0-rgb,data/keypoints_ur/fall/fall-07-cam0-rgb.npz,16,60,0,42,2,0.0005823975,0.9978671073913574,0
fall-07-cam0-rgb,data/keypoints_ur/fall/fall-07-cam0-rgb.npz,31,75,0,42,2,0.0013603177,0.9978671073913574,0
fall-07-cam0-rgb,data/keypoints_ur/fall/fall-07-cam0-rgb.npz,76,120,1,42,2,0.9995752,0.9978671073913574,1
fall-07-cam0-rgb,data/keypoints_ur/fall/fall-07-cam0-rgb.npz,91,135,1,42,2,0.9985322,0.9978671073913574,1
fall-10-cam0-rgb,data/keypoints_ur/fall/fall-10-cam0-rgb.npz,31,75,1,42,2,0.99984217,0.9978671073913574,1
fall-10-cam0-rgb,data/keypoints_ur/fall/fall-10-cam0-rgb.npz,46,90,1,42,2,0.9990983,0.9978671073913574,1
fall-10-cam0-rgb,data/keypoints_ur/fall/fall-10-cam0-rgb.npz,76,120,0,42,2,0.00041166923,0.9978671073913574,0
fall-17-cam0-rgb,data/keypoints_ur/fall/fall-17-cam0-rgb.npz,1,45,0,42,2,0.00042946875,0.9978671073913574,0
fall-17-cam0-rgb,data/keypoints_ur/fall/fall-17-cam0-rgb.npz,46,90,1,42,2,0.9997625,0.9978671073913574,1
fall-23-cam0-rgb,data/keypoints_ur/fall/fall-23-cam0-rgb.npz,16,60,1,42,2,0.99953854,0.9978671073913574,1
fall-23-cam0-rgb,data/keypoints_ur/fall/fall-23-cam0-rgb.npz,31,75,1,42,2,0.9951799,0.9978671073913574,0
fall-25-cam0-rgb,data/keypoints_ur/fall/fall-25-cam0-rgb.npz,31,75,1,42,2,0.9995807,0.9978671073913574,1
fall-29-cam0-rgb,data/keypoints_ur/fall/fall-29-cam0-rgb.npz,1,45,0,42,2,0.0006417527,0.9978671073913574,0
fall-29-cam0-rgb,data/keypoints_ur/fall/fall-29-cam0-rgb.npz,31,75,1,42,2,0.99981815,0.9978671073913574,1
fall-29-cam0-rgb,data/keypoints_ur/fall/fall-29-cam0-rgb.npz,46,90,1,42,2,0.9993223,0.9978671073913574,1
adl-06-cam0-rgb,data/keypoints_ur/adl/adl-06-cam0-rgb.npz,1,45,0,42,3,0.00011221217,0.9992905855178833,0
adl-06-cam0-rgb,data/keypoints_ur/adl/adl-06-cam0-rgb.npz,16,60,0,42,3,0.00011389799,0.9992905855178833,0
adl-06-cam0-rgb,data/keypoints_ur/adl/adl-06-cam0-rgb.npz,31,75,0,42,3,0.0001164829,0.9992905855178833,0
adl-06-cam0-rgb,data/keypoints_ur/adl/adl-06-cam0-rgb.npz,46,90,0,42,3,0.00012528853,0.9992905855178833,0
adl-06-cam0-rgb,data/keypoints_ur/adl/adl-06-cam0-rgb.npz,61,105,0,42,3,0.00015998133,0.9992905855178833,0
adl-06-cam0-rgb,data/keypoints_ur/adl/adl-06-cam0-rgb.npz,76,120,0,42,3,0.00029696105,0.9992905855178833,0
adl-06-cam0-rgb,data/keypoints_ur/adl/adl-06-cam0-rgb.npz,91,135,0,42,3,0.00015919673,0.9992905855178833,0
adl-06-cam0-rgb,data/keypoints_ur/adl/adl-06-cam0-rgb.npz,106,150,0,42,3,0.000121189834,0.9992905855178833,0
adl-06-cam0-rgb,data/keypoints_ur/adl/adl-06-cam0-rgb.npz,121,165,0,42,3,0.00011689169,0.9992905855178833,0
adl-06-cam0-rgb,data/keypoints_ur/adl/adl-06-cam0-rgb.npz,136,180,0,42,3,0.00011577618,0.9992905855178833,0
adl-06-cam0-rgb,data/keypoints_ur/adl/adl-06-cam0-rgb.npz,151,195,0,42,3,0.00011928992,0.9992905855178833,0
adl-06-cam0-rgb,data/keypoints_ur/adl/adl-06-cam0-rgb.npz,166,210,0,42,3,0.00011489392,0.9992905855178833,0
adl-06-cam0-rgb,data/keypoints_ur/adl/adl-06-cam0-rgb.npz,181,225,0,42,3,0.000112820824,0.9992905855178833,0
adl-09-cam0-rgb,data/keypoints_ur/adl/adl-09-cam0-rgb.npz,1,45,0,42,3,0.00011915212,0.9992905855178833,0
adl-09-cam0-rgb,data/keypoints_ur/adl/adl-09-cam0-rgb.npz,16,60,0,42,3,0.00013091491,0.9992905855178833,0
adl-09-cam0-rgb,data/keypoints_ur/adl/adl-09-cam0-rgb.npz,31,75,0,42,3,0.000155692,0.9992905855178833,0
adl-09-cam0-rgb,data/keypoints_ur/adl/adl-09-cam0-rgb.npz,46,90,0,42,3,0.00017877363,0.9992905855178833,0
adl-09-cam0-rgb,data/keypoints_ur/adl/adl-09-cam0-rgb.npz,61,105,0,42,3,0.00016858299,0.9992905855178833,0
adl-09-cam0-rgb,data/keypoints_ur/adl/adl-09-cam0-rgb.npz,76,120,0,42,3,0.00013767327,0.9992905855178833,0
adl-09-cam0-rgb,data/keypoints_ur/adl/adl-09-cam0-rgb.npz,91,135,0,42,3,0.00012727243,0.9992905855178833,0
adl-09-cam0-rgb,data/keypoints_ur/adl/adl-09-cam0-rgb.npz,106,150,0,42,3,0.00042419598,0.9992905855178833,0
adl-16-cam0-rgb,data/keypoints_ur/adl/adl-16-cam0-rgb.npz,46,90,0,42,3,0.00011814566,0.9992905855178833,0
adl-16-cam0-rgb,data/keypoints_ur/adl/adl-16-cam0-rgb.npz,61,105,0,42,3,0.00011460713,0.9992905855178833,0
adl-16-cam0-rgb,data/keypoints_ur/adl/adl-16-cam0-rgb.npz,76,120,0,42,3,0.00011502305,0.9992905855178833,0
adl-16-cam0-rgb,data/keypoints_ur/adl/adl-16-cam0-rgb.npz,91,135,0,42,3,0.000116583804,0.9992905855178833,0
adl-16-cam0-rgb,data/keypoints_ur/adl/adl-16-cam0-rgb.npz,106,150,0,42,3,0.00012555235,0.9992905855178833,0
adl-16-cam0-rgb,data/keypoints_ur/adl/adl-16-cam0-rgb.npz,121,165,0,42,3,0.00026979946,0.9992905855178833,0
adl-16-cam0-rgb,data/keypoints_ur/adl/adl-16-cam0-rgb.npz,136,180,0,42,3,0.00013426131,0.9992905855178833,0
adl-16-cam0-rgb,data/keypoints_ur/adl/adl-16-cam0-rgb.npz,151,195,0,42,3,0.00010993095,0.9992905855178833,0
adl-16-cam0-rgb,data/keypoints_ur/adl/adl-16-cam0-rgb.npz,166,210,0,42,3,0.00010814574,0.9992905855178833,0
adl-16-cam0-rgb,data/keypoints_ur/adl/adl-16-cam0-rgb.npz,181,225,0,42,3,0.00011068101,0.9992905855178833,0
adl-16-cam0-rgb,data/keypoints_ur/adl/adl-16-cam0-rgb.npz,196,240,0,42,3,0.000121392586,0.9992905855178833,0
adl-28-cam0-rgb,data/keypoints_ur/adl/adl-28-cam0-rgb.npz,1,45,0,42,3,0.00018382209,0.9992905855178833,0
adl-28-cam0-rgb,data/keypoints_ur/adl/adl-28-cam0-rgb.npz,16,60,0,42,3,0.0129047325,0.9992905855178833,0
adl-28-cam0-rgb,data/keypoints_ur/adl/adl-28-cam0-rgb.npz,31,75,0,42,3,0.9743414,0.9992905855178833,0
adl-32-cam0-rgb,data/keypoints_ur/adl/adl-32-cam0-rgb.npz,1,45,0,42,3,0.00011189109,0.9992905855178833,0
adl-32-cam0-rgb,data/keypoints_ur/adl/adl-32-cam0-rgb.npz,16,60,0,42,3,0.00011278308,0.9992905855178833,0
adl-32-cam0-rgb,data/keypoints_ur/adl/adl-32-cam0-rgb.npz,31,75,0,42,3,0.0001147669,0.9992905855178833,0
adl-32-cam0-rgb,data/keypoints_ur/adl/adl-32-cam0-rgb.npz,46,90,0,42,3,0.0001200024,0.9992905855178833,0
adl-32-cam0-rgb,data/keypoints_ur/adl/adl-32-cam0-rgb.npz,61,105,0,42,3,0.00011730038,0.9992905855178833,0
adl-32-cam0-rgb,data/keypoints_ur/adl/adl-32-cam0-rgb.npz,76,120,0,42,3,0.00011219954,0.9992905855178833,0
adl-32-cam0-rgb,data/keypoints_ur/adl/adl-32-cam0-rgb.npz,91,135,0,42,3,0.00011210202,0.9992905855178833,0
adl-32-cam0-rgb,data/keypoints_ur/adl/adl-32-cam0-rgb.npz,106,150,0,42,3,0.00011461183,0.9992905855178833,0
adl-32-cam0-rgb,data/keypoints_ur/adl/adl-32-cam0-rgb.npz,121,165,0,42,3,0.000116569456,0.9992905855178833,0
adl-32-cam0-rgb,data/keypoints_ur/adl/adl-32-cam0-rgb.npz,136,180,0,42,3,0.00011995733,0.9992905855178833,0
adl-32-cam0-rgb,data/keypoints_ur/adl/adl-32-cam0-rgb.npz,151,195,0,42,3,0.000121833255,0.9992905855178833,0
adl-34-cam0-rgb,data/keypoints_ur/adl/adl-34-cam0-rgb.npz,1,45,0,42,3,0.00012520899,0.9992905855178833,0
adl-34-cam0-rgb,data/keypoints_ur/adl/adl-34-cam0-rgb.npz,16,60,0,42,3,0.00012365206,0.9992905855178833,0
adl-34-cam0-rgb,data/keypoints_ur/adl/adl-34-cam0-rgb.npz,31,75,0,42,3,0.00010006858,0.9992905855178833,0
adl-34-cam0-rgb,data/keypoints_ur/adl/adl-34-cam0-rgb.npz,46,90,0,42,3,0.00010006535,0.9992905855178833,0
adl-34-cam0-rgb,data/keypoints_ur/adl/adl-34-cam0-rgb.npz,61,105,0,42,3,0.00010879125,0.9992905855178833,0
adl-34-cam0-rgb,data/keypoints_ur/adl/adl-34-cam0-rgb.npz,76,120,0,42,3,0.000113173934,0.9992905855178833,0
adl-34-cam0-rgb,data/keypoints_ur/adl/adl-34-cam0-rgb.npz,91,135,0,42,3,0.00011386368,0.9992905855178833,0
adl-34-cam0-rgb,data/keypoints_ur/adl/adl-34-cam0-rgb.npz,106,150,0,42,3,0.00011507869,0.9992905855178833,0
adl-34-cam0-rgb,data/keypoints_ur/adl/adl-34-cam0-rgb.npz,121,165,0,42,3,0.000101960555,0.9992905855178833,0
adl-34-cam0-rgb,data/keypoints_ur/adl/adl-34-cam0-rgb.npz,136,180,0,42,3,0.000101751524,0.9992905855178833,0
adl-36-cam0-rgb,data/keypoints_ur/adl/adl-36-cam0-rgb.npz,1,45,0,42,3,0.000114761104,0.9992905855178833,0
adl-36-cam0-rgb,data/keypoints_ur/adl/adl-36-cam0-rgb.npz,16,60,0,42,3,0.000115903655,0.9992905855178833,0
adl-36-cam0-rgb,data/keypoints_ur/adl/adl-36-cam0-rgb.npz,31,75,0,42,3,0.00011344124,0.9992905855178833,0
adl-36-cam0-rgb,data/keypoints_ur/adl/adl-36-cam0-rgb.npz,46,90,0,42,3,0.00011427963,0.9992905855178833,0
adl-36-cam0-rgb,data/keypoints_ur/adl/adl-36-cam0-rgb.npz,61,105,0,42,3,0.000114873554,0.9992905855178833,0
adl-36-cam0-rgb,data/keypoints_ur/adl/adl-36-cam0-rgb.npz,76,120,0,42,3,0.00011540495,0.9992905855178833,0
adl-36-cam0-rgb,data/keypoints_ur/adl/adl-36-cam0-rgb.npz,91,135,0,42,3,0.000116872296,0.9992905855178833,0
adl-36-cam0-rgb,data/keypoints_ur/adl/adl-36-cam0-rgb.npz,106,150,0,42,3,0.00012137477,0.9992905855178833,0
adl-36-cam0-rgb,data/keypoints_ur/adl/adl-36-cam0-rgb.npz,121,165,0,42,3,0.00013922845,0.9992905855178833,0
adl-36-cam0-rgb,data/keypoints_ur/adl/adl-36-cam0-rgb.npz,136,180,0,42,3,0.0002012838,0.9992905855178833,0
adl-36-cam0-rgb,data/keypoints_ur/adl/adl-36-cam0-rgb.npz,151,195,0,42,3,0.0020426912,0.9992905855178833,0
adl-36-cam0-rgb,data/keypoints_ur/adl/adl-36-cam0-rgb.npz,166,210,0,42,3,0.9822188,0.9992905855178833,0
adl-36-cam0-rgb,data/keypoints_ur/adl/adl-36-cam0-rgb.npz,181,225,0,42,3,0.9916672,0.9992905855178833,0
adl-36-cam0-rgb,data/keypoints_ur/adl/adl-36-cam0-rgb.npz,196,240,0,42,3,0.00088535267,0.9992905855178833,0
adl-36-cam0-rgb,data/keypoints_ur/adl/adl-36-cam0-rgb.npz,211,255,0,42,3,0.00011591471,0.9992905855178833,0
adl-36-cam0-rgb,data/keypoints_ur/adl/adl-36-cam0-rgb.npz,226,270,0,42,3,0.00010777903,0.9992905855178833,0
adl-36-cam0-rgb,data/keypoints_ur/adl/adl-36-cam0-rgb.npz,241,285,0,42,3,0.00010884439,0.9992905855178833,0
adl-36-cam0-rgb,data/keypoints_ur/adl/adl-36-cam0-rgb.npz,256,300,0,42,3,0.00012661153,0.9992905855178833,0
adl-36-cam0-rgb,data/keypoints_ur/adl/adl-36-cam0-rgb.npz,271,315,0,42,3,0.00017788164,0.9992905855178833,0
adl-36-cam0-rgb,data/keypoints_ur/adl/adl-36-cam0-rgb.npz,286,330,0,42,3,0.0039974083,0.9992905855178833,0
adl-39-cam0-rgb,data/keypoints_ur/adl/adl-39-cam0-rgb.npz,1,45,0,42,3,0.000112431095,0.9992905855178833,0
adl-39-cam0-rgb,data/keypoints_ur/adl/adl-39-cam0-rgb.npz,16,60,0,42,3,0.00011268869,0.9992905855178833,0
adl-39-cam0-rgb,data/keypoints_ur/adl/adl-39-cam0-rgb.npz,31,75,0,42,3,0.000114018825,0.9992905855178833,0
adl-39-cam0-rgb,data/keypoints_ur/adl/adl-39-cam0-rgb.npz,46,90,0,42,3,0.0001142854,0.9992905855178833,0
adl-39-cam0-rgb,data/keypoints_ur/adl/adl-39-cam0-rgb.npz,61,105,0,42,3,0.000114362265,0.9992905855178833,0
adl-39-cam0-rgb,data/keypoints_ur/adl/adl-39-cam0-rgb.npz,76,120,0,42,3,0.00011426764,0.9992905855178833,0
adl-39-cam0-rgb,data/keypoints_ur/adl/adl-39-cam0-rgb.npz,91,135,0,42,3,0.00011382797,0.9992905855178833,0
adl-39-cam0-rgb,data/keypoints_ur/adl/adl-39-cam0-rgb.npz,106,150,0,42,3,0.00011346654,0.9992905855178833,0
adl-39-cam0-rgb,data/keypoints_ur/adl/adl-39-cam0-rgb.npz,121,165,0,42,3,0.00011354382,0.9992905855178833,0
adl-39-cam0-rgb,data/keypoints_ur/adl/adl-39-cam0-rgb.npz,136,180,0,42,3,0.00011549995,0.9992905855178833,0
adl-39-cam0-rgb,data/keypoints_ur/adl/adl-39-cam0-rgb.npz,151,195,0,42,3,0.00013356561,0.9992905855178833,0
adl-39-cam0-rgb,data/keypoints_ur/adl/adl-39-cam0-rgb.npz,166,210,0,42,3,0.00013701321,0.9992905855178833,0
adl-39-cam0-rgb,data/keypoints_ur/adl/adl-39-cam0-rgb.npz,181,225,0,42,3,0.00014741109,0.9992905855178833,0
adl-39-cam0-rgb,data/keypoints_ur/adl/adl-39-cam0-rgb.npz,196,240,0,42,3,0.00015104655,0.9992905855178833,0
adl-39-cam0-rgb,data/keypoints_ur/adl/adl-39-cam0-rgb.npz,211,255,0,42,3,0.00018742193,0.9992905855178833,0
fall-03-cam0-rgb,data/keypoints_ur/fall/fall-03-cam0-rgb.npz,1,45,0,42,3,0.0001338382,0.9992905855178833,0
fall-03-cam0-rgb,data/keypoints_ur/fall/fall-03-cam0-rgb.npz,16,60,0,42,3,0.00015646128,0.9992905855178833,0
fall-03-cam0-rgb,data/keypoints_ur/fall/fall-03-cam0-rgb.npz,31,75,0,42,3,0.00020744154,0.9992905855178833,0
fall-03-cam0-rgb,data/keypoints_ur/fall/fall-03-cam0-rgb.npz,46,90,0,42,3,0.0003007015,0.9992905855178833,0
fall-03-cam0-rgb,data/keypoints_ur/fall/fall-03-cam0-rgb.npz,61,105,0,42,3,0.00027971904,0.9992905855178833,0
fall-03-cam0-rgb,data/keypoints_ur/fall/fall-03-cam0-rgb.npz,76,120,0,42,3,0.00035149558,0.9992905855178833,0
fall-03-cam0-rgb,data/keypoints_ur/fall/fall-03-cam0-rgb.npz,91,135,0,42,3,0.00074895675,0.9992905855178833,0
fall-03-cam0-rgb,data/keypoints_ur/fall/fall-03-cam0-rgb.npz,136,180,1,42,3,0.9991479,0.9992905855178833,0
fall-03-cam0-rgb,data/keypoints_ur/fall/fall-03-cam0-rgb.npz,151,195,1,42,3,0.997477,0.9992905855178833,0
fall-12-cam0-rgb,data/keypoints_ur/fall/fall-12-cam0-rgb.npz,16,60,1,42,3,0.99979466,0.9992905855178833,1
fall-12-cam0-rgb,data/keypoints_ur/fall/fall-12-cam0-rgb.npz,31,75,1,42,3,0.99966633,0.9992905855178833,1
fall-12-cam0-rgb,data/keypoints_ur/fall/fall-12-cam0-rgb.npz,61,105,0,42,3,0.9814098,0.9992905855178833,0
fall-13-cam0-rgb,data/keypoints_ur/fall/fall-13-cam0-rgb.npz,31,75,1,42,3,0.88786,0.9992905855178833,0
fall-14-cam0-rgb,data/keypoints_ur/fall/fall-14-cam0-rgb.npz,1,45,1,42,3,0.9997081,0.9992905855178833,1
fall-14-cam0-rgb,data/keypoints_ur/fall/fall-14-cam0-rgb.npz,16,60,1,42,3,0.9995246,0.9992905855178833,1
fall-15-cam0-rgb,data/keypoints_ur/fall/fall-15-cam0-rgb.npz,16,60,1,42,3,0.9997372,0.9992905855178833,1
fall-28-cam0-rgb,data/keypoints_ur/fall/fall-28-cam0-rgb.npz,16,60,1,42,3,0.9997187,0.9992905855178833,1
adl-01-cam0-rgb,data/keypoints_ur/adl/adl-01-cam0-rgb.npz,1,45,0,42,4,0.0002864728,0.17034348845481873,0
adl-01-cam0-rgb,data/keypoints_ur/adl/adl-01-cam0-rgb.npz,16,60,0,42,4,0.00031104672,0.17034348845481873,0
adl-01-cam0-rgb,data/keypoints_ur/adl/adl-01-cam0-rgb.npz,31,75,0,42,4,0.0003540772,0.17034348845481873,0
adl-01-cam0-rgb,data/keypoints_ur/adl/adl-01-cam0-rgb.npz,46,90,0,42,4,0.0004128056,0.17034348845481873,0
adl-01-cam0-rgb,data/keypoints_ur/adl/adl-01-cam0-rgb.npz,61,105,0,42,4,0.00047894396,0.17034348845481873,0
adl-01-cam0-rgb,data/keypoints_ur/adl/adl-01-cam0-rgb.npz,76,120,0,42,4,0.00048131056,0.17034348845481873,0
adl-01-cam0-rgb,data/keypoints_ur/adl/adl-01-cam0-rgb.npz,91,135,0,42,4,0.0002746345,0.17034348845481873,0
adl-01-cam0-rgb,data/keypoints_ur/adl/adl-01-cam0-rgb.npz,106,150,0,42,4,0.00025127924,0.17034348845481873,0
adl-05-cam0-rgb,data/keypoints_ur/adl/adl-05-cam0-rgb.npz,1,45,0,42,4,0.00030511586,0.17034348845481873,0
adl-05-cam0-rgb,data/keypoints_ur/adl/adl-05-cam0-rgb.npz,16,60,0,42,4,0.0003533222,0.17034348845481873,0
adl-05-cam0-rgb,data/keypoints_ur/adl/adl-05-cam0-rgb.npz,31,75,0,42,4,0.00043518894,0.17034348845481873,0
adl-05-cam0-rgb,data/keypoints_ur/adl/adl-05-cam0-rgb.npz,46,90,0,42,4,0.00054951274,0.17034348845481873,0
adl-05-cam0-rgb,data/keypoints_ur/adl/adl-05-cam0-rgb.npz,61,105,0,42,4,0.0005736319,0.17034348845481873,0
adl-05-cam0-rgb,data/keypoints_ur/adl/adl-05-cam0-rgb.npz,76,120,0,42,4,0.0005940995,0.17034348845481873,0
adl-05-cam0-rgb,data/keypoints_ur/adl/adl-05-cam0-rgb.npz,91,135,0,42,4,0.00028360417,0.17034348845481873,0
adl-05-cam0-rgb,data/keypoints_ur/adl/adl-05-cam0-rgb.npz,106,150,0,42,4,0.00027356617,0.17034348845481873,0
adl-05-cam0-rgb,data/keypoints_ur/adl/adl-05-cam0-rgb.npz,121,165,0,42,4,0.0005524363,0.17034348845481873,0
adl-05-cam0-rgb,data/keypoints_ur/adl/adl-05-cam0-rgb.npz,136,180,0,42,4,0.000567383,0.17034348845481873,0
adl-08-cam0-rgb,data/keypoints_ur/adl/adl-08-cam0-rgb.npz,1,45,0,42,4,0.00027875928,0.17034348845481873,0
adl-08-cam0-rgb,data/keypoints_ur/adl/adl-08-cam0-rgb.npz,16,60,0,42,4,0.00029799508,0.17034348845481873,0
adl-08-cam0-rgb,data/keypoints_ur/adl/adl-08-cam0-rgb.npz,31,75,0,42,4,0.00033835147,0.17034348845481873,0
adl-08-cam0-rgb,data/keypoints_ur/adl/adl-08-cam0-rgb.npz,46,90,0,42,4,0.0004251317,0.17034348845481873,0
adl-08-cam0-rgb,data/keypoints_ur/adl/adl-08-cam0-rgb.npz,61,105,0,42,4,0.00048159692,0.17034348845481873,0
adl-08-cam0-rgb,data/keypoints_ur/adl/adl-08-cam0-rgb.npz,76,120,0,42,4,0.00036293035,0.17034348845481873,0
adl-08-cam0-rgb,data/keypoints_ur/adl/adl-08-cam0-rgb.npz,91,135,0,42,4,0.00026402032,0.17034348845481873,0
adl-08-cam0-rgb,data/keypoints_ur/adl/adl-08-cam0-rgb.npz,106,150,0,42,4,0.00021360509,0.17034348845481873,0
adl-08-cam0-rgb,data/keypoints_ur/adl/adl-08-cam0-rgb.npz,121,165,0,42,4,0.00019312827,0.17034348845481873,0
adl-08-cam0-rgb,data/keypoints_ur/adl/adl-08-cam0-rgb.npz,136,180,0,42,4,0.00018814312,0.17034348845481873,0
adl-11-cam0-rgb,data/keypoints_ur/adl/adl-11-cam0-rgb.npz,1,45,0,42,4,0.00028593963,0.17034348845481873,0
adl-11-cam0-rgb,data/keypoints_ur/adl/adl-11-cam0-rgb.npz,16,60,0,42,4,0.00030400488,0.17034348845481873,0
adl-11-cam0-rgb,data/keypoints_ur/adl/adl-11-cam0-rgb.npz,31,75,0,42,4,0.00033820927,0.17034348845481873,0
adl-11-cam0-rgb,data/keypoints_ur/adl/adl-11-cam0-rgb.npz,46,90,0,42,4,0.00036674613,0.17034348845481873,0
adl-11-cam0-rgb,data/keypoints_ur/adl/adl-11-cam0-rgb.npz,61,105,0,42,4,0.00039733318,0.17034348845481873,0
adl-11-cam0-rgb,data/keypoints_ur/adl/adl-11-cam0-rgb.npz,76,120,0,42,4,0.00041879024,0.17034348845481873,0
adl-11-cam0-rgb,data/keypoints_ur/adl/adl-11-cam0-rgb.npz,91,135,0,42,4,0.0004036587,0.17034348845481873,0
adl-11-cam0-rgb,data/keypoints_ur/adl/adl-11-cam0-rgb.npz,106,150,0,42,4,0.00034135493,0.17034348845481873,0
adl-11-cam0-rgb,data/keypoints_ur/adl/adl-11-cam0-rgb.npz,121,165,0,42,4,0.00027457194,0.17034348845481873,0
adl-11-cam0-rgb,data/keypoints_ur/adl/adl-11-cam0-rgb.npz,136,180,0,42,4,0.00028669194,0.17034348845481873,0
adl-11-cam0-rgb,data/keypoints_ur/adl/adl-11-cam0-rgb.npz,151,195,0,42,4,0.00020532224,0.17034348845481873,0
adl-11-cam0-rgb,data/keypoints_ur/adl/adl-11-cam0-rgb.npz,166,210,0,42,4,0.00020330616,0.17034348845481873,0
adl-11-cam0-rgb,data/keypoints_ur/adl/adl-11-cam0-rgb.npz,181,225,0,42,4,0.0002063546,0.17034348845481873,0
adl-11-cam0-rgb,data/keypoints_ur/adl/adl-11-cam0-rgb.npz,196,240,0,42,4,0.00021617519,0.17034348845481873,0
adl-11-cam0-rgb,data/keypoints_ur/adl/adl-11-cam0-rgb.npz,211,255,0,42,4,0.00021866613,0.17034348845481873,0
adl-11-cam0-rgb,data/keypoints_ur/adl/adl-11-cam0-rgb.npz,226,270,0,42,4,0.00021881191,0.17034348845481873,0
adl-11-cam0-rgb,data/keypoints_ur/adl/adl-11-cam0-rgb.npz,241,285,0,42,4,0.00021960276,0.17034348845481873,0
adl-11-cam0-rgb,data/keypoints_ur/adl/adl-11-cam0-rgb.npz,256,300,0,42,4,0.00021822333,0.17034348845481873,0
adl-18-cam0-rgb,data/keypoints_ur/adl/adl-18-cam0-rgb.npz,61,105,0,42,4,0.00021830034,0.17034348845481873,0
adl-18-cam0-rgb,data/keypoints_ur/adl/adl-18-cam0-rgb.npz,76,120,0,42,4,0.00016689688,0.17034348845481873,0
adl-18-cam0-rgb,data/keypoints_ur/adl/adl-18-cam0-rgb.npz,91,135,0,42,4,0.00016687842,0.17034348845481873,0
adl-18-cam0-rgb,data/keypoints_ur/adl/adl-18-cam0-rgb.npz,106,150,0,42,4,0.00016852544,0.17034348845481873,0
adl-18-cam0-rgb,data/keypoints_ur/adl/adl-18-cam0-rgb.npz,121,165,0,42,4,0.00017682806,0.17034348845481873,0
adl-18-cam0-rgb,data/keypoints_ur/adl/adl-18-cam0-rgb.npz,136,180,0,42,4,0.00022017412,0.17034348845481873,0
adl-18-cam0-rgb,data/keypoints_ur/adl/adl-18-cam0-rgb.npz,151,195,0,42,4,0.0003492709,0.17034348845481873,0
adl-18-cam0-rgb,data/keypoints_ur/adl/adl-18-cam0-rgb.npz,166,210,0,42,4,0.0006076565,0.17034348845481873,0
adl-18-cam0-rgb,data/keypoints_ur/adl/adl-18-cam0-rgb.npz,181,225,0,42,4,0.00031404255,0.17034348845481873,0
adl-18-cam0-rgb,data/keypoints_ur/adl/adl-18-cam0-rgb.npz,196,240,0,42,4,0.00023875036,0.17034348845481873,0
adl-18-cam0-rgb,data/keypoints_ur/adl/adl-18-cam0-rgb.npz,211,255,0,42,4,0.00022665145,0.17034348845481873,0
adl-20-cam0-rgb,data/keypoints_ur/adl/adl-20-cam0-rgb.npz,46,90,0,42,4,0.00017389399,0.17034348845481873,0
adl-20-cam0-rgb,data/keypoints_ur/adl/adl-20-cam0-rgb.npz,61,105,0,42,4,0.0001679944,0.17034348845481873,0
adl-20-cam0-rgb,data/keypoints_ur/adl/adl-20-cam0-rgb.npz,76,120,0,42,4,0.0001658116,0.17034348845481873,0
adl-20-cam0-rgb,data/keypoints_ur/adl/adl-20-cam0-rgb.npz,91,135,0,42,4,0.0001661094,0.17034348845481873,0
adl-20-cam0-rgb,data/keypoints_ur/adl/adl-20-cam0-rgb.npz,106,150,0,42,4,0.0001704245,0.17034348845481873,0
adl-20-cam0-rgb,data/keypoints_ur/adl/adl-20-cam0-rgb.npz,121,165,0,42,4,0.00018311429,0.17034348845481873,0
adl-20-cam0-rgb,data/keypoints_ur/adl/adl-20-cam0-rgb.npz,136,180,0,42,4,0.00022337632,0.17034348845481873,0
adl-20-cam0-rgb,data/keypoints_ur/adl/adl-20-cam0-rgb.npz,151,195,0,42,4,0.0003151775,0.17034348845481873,0
adl-20-cam0-rgb,data/keypoints_ur/adl/adl-20-cam0-rgb.npz,166,210,0,42,4,0.00037288308,0.17034348845481873,0
adl-20-cam0-rgb,data/keypoints_ur/adl/adl-20-cam0-rgb.npz,181,225,0,42,4,0.0002794253,0.17034348845481873,0
adl-20-cam0-rgb,data/keypoints_ur/adl/adl-20-cam0-rgb.npz,196,240,0,42,4,0.00022271238,0.17034348845481873,0
adl-20-cam0-rgb,data/keypoints_ur/adl/adl-20-cam0-rgb.npz,211,255,0,42,4,0.00015994076,0.17034348845481873,0
adl-20-cam0-rgb,data/keypoints_ur/adl/adl-20-cam0-rgb.npz,226,270,0,42,4,0.0001603607,0.17034348845481873,0
adl-26-cam0-rgb,data/keypoints_ur/adl/adl-26-cam0-rgb.npz,1,45,0,42,4,0.007951359,0.17034348845481873,0
adl-26-cam0-rgb,data/keypoints_ur/adl/adl-26-cam0-rgb.npz,16,60,0,42,4,0.30005956,0.17034348845481873,1
adl-26-cam0-rgb,data/keypoints_ur/adl/adl-26-cam0-rgb.npz,31,75,0,42,4,0.006774983,0.17034348845481873,0
adl-26-cam0-rgb,data/keypoints_ur/adl/adl-26-cam0-rgb.npz,46,90,0,42,4,0.3095602,0.17034348845481873,1
adl-40-cam0-rgb,data/keypoints_ur/adl/adl-40-cam0-rgb.npz,31,75,0,42,4,0.0002718595,0.17034348845481873,0
adl-40-cam0-rgb,data/keypoints_ur/adl/adl-40-cam0-rgb.npz,46,90,0,42,4,0.00026066764,0.17034348845481873,0
adl-40-cam0-rgb,data/keypoints_ur/adl/adl-40-cam0-rgb.npz,61,105,0,42,4,0.00031301874,0.17034348845481873,0
adl-40-cam0-rgb,data/keypoints_ur/adl/adl-40-cam0-rgb.npz,76,120,0,42,4,0.00022087008,0.17034348845481873,0
adl-40-cam0-rgb,data/keypoints_ur/adl/adl-40-cam0-rgb.npz,91,135,0,42,4,0.00017288858,0.17034348845481873,0
adl-40-cam0-rgb,data/keypoints_ur/adl/adl-40-cam0-rgb.npz,106,150,0,42,4,0.00017506136,0.17034348845481873,0
adl-40-cam0-rgb,data/keypoints_ur/adl/adl-40-cam0-rgb.npz,121,165,0,42,4,0.00017449341,0.17034348845481873,0
adl-40-cam0-rgb,data/keypoints_ur/adl/adl-40-cam0-rgb.npz,136,180,0,42,4,0.00017267195,0.17034348845481873,0
adl-40-cam0-rgb,data/keypoints_ur/adl/adl-40-cam0-rgb.npz,151,195,0,42,4,0.00018370767,0.17034348845481873,0
adl-40-cam0-rgb,data/keypoints_ur/adl/adl-40-cam0-rgb.npz,166,210,0,42,4,0.00023982128,0.17034348845481873,0
adl-40-cam0-rgb,data/keypoints_ur/adl/adl-40-cam0-rgb.npz,181,225,0,42,4,0.00037201974,0.17034348845481873,0
adl-40-cam0-rgb,data/keypoints_ur/adl/adl-40-cam0-rgb.npz,196,240,0,42,4,0.00044528674,0.17034348845481873,0
adl-40-cam0-rgb,data/keypoints_ur/adl/adl-40-cam0-rgb.npz,211,255,0,42,4,0.00064307736,0.17034348845481873,0
adl-40-cam0-rgb,data/keypoints_ur/adl/adl-40-cam0-rgb.npz,226,270,0,42,4,0.0006861319,0.17034348845481873,0
adl-40-cam0-rgb,data/keypoints_ur/adl/adl-40-cam0-rgb.npz,241,285,0,42,4,0.00062192784,0.17034348845481873,0
adl-40-cam0-rgb,data/keypoints_ur/adl/adl-40-cam0-rgb.npz,256,300,0,42,4,0.00055123644,0.17034348845481873,0
adl-40-cam0-rgb,data/keypoints_ur/adl/adl-40-cam0-rgb.npz,271,315,0,42,4,0.00054953917,0.17034348845481873,0
adl-40-cam0-rgb,data/keypoints_ur/adl/adl-40-cam0-rgb.npz,286,330,0,42,4,0.0005885704,0.17034348845481873,0
fall-01-cam0-rgb,data/keypoints_ur/fall/fall-01-cam0-rgb.npz,1,45,0,42,4,0.00036714214,0.17034348845481873,0
fall-01-cam0-rgb,data/keypoints_ur/fall/fall-01-cam0-rgb.npz,16,60,0,42,4,0.0003842446,0.17034348845481873,0
fall-01-cam0-rgb,data/keypoints_ur/fall/fall-01-cam0-rgb.npz,31,75,0,42,4,0.00042655354,0.17034348845481873,0
fall-01-cam0-rgb,data/keypoints_ur/fall/fall-01-cam0-rgb.npz,61,105,1,42,4,0.9990088,0.17034348845481873,1
fall-01-cam0-rgb,data/keypoints_ur/fall/fall-01-cam0-rgb.npz,76,120,1,42,4,0.99943155,0.17034348845481873,1
fall-06-cam0-rgb,data/keypoints_ur/fall/fall-06-cam0-rgb.npz,1,45,1,42,4,0.9997502,0.17034348845481873,1
fall-06-cam0-rgb,data/keypoints_ur/fall/fall-06-cam0-rgb.npz,16,60,1,42,4,0.9996476,0.17034348845481873,1
fall-06-cam0-rgb,data/keypoints_ur/fall/fall-06-cam0-rgb.npz,46,90,0,42,4,0.0018683715,0.17034348845481873,0
fall-18-cam0-rgb,data/keypoints_ur/fall/fall-18-cam0-rgb.npz,1,45,1,42,4,0.99960274,0.17034348845481873,1
fall-18-cam0-rgb,data/keypoints_ur/fall/fall-18-cam0-rgb.npz,16,60,1,42,4,0.99956924,0.17034348845481873,1
fall-24-cam0-rgb,data/keypoints_ur/fall/fall-24-cam0-rgb.npz,1,45,1,42,4,0.99962306,0.17034348845481873,1
fall-24-cam0-rgb,data/keypoints_ur/fall/fall-24-cam0-rgb.npz,16,60,1,42,4,0.9992337,0.17034348845481873,1
fall-27-cam0-rgb,data/keypoints_ur/fall/fall-27-cam0-rgb.npz,1,45,0,42,4,0.00042541124,0.17034348845481873,0
fall-27-cam0-rgb,data/keypoints_ur/fall/fall-27-cam0-rgb.npz,31,75,1,42,4,0.8974247,0.17034348845481873,1
fall-27-cam0-rgb,data/keypoints_ur/fall/fall-27-cam0-rgb.npz,46,90,1,42,4,0.96009374,0.17034348845481873,1
fall-30-cam0-rgb,data/keypoints_ur/fall/fall-30-cam0-rgb.npz,16,60,1,42,4,0.99969256,0.17034348845481873,1
adl-04-cam0-rgb,data/keypoints_ur/adl/adl-04-cam0-rgb.npz,1,45,0,42,5,5.6310968e-05,0.9996606111526489,0
adl-04-cam0-rgb,data/keypoints_ur/adl/adl-04-cam0-rgb.npz,16,60,0,42,5,5.6028468e-05,0.9996606111526489,0
adl-04-cam0-rgb,data/keypoints_ur/adl/adl-04-cam0-rgb.npz,31,75,0,42,5,6.03251e-05,0.9996606111526489,0
adl-04-cam0-rgb,data/keypoints_ur/adl/adl-04-cam0-rgb.npz,46,90,0,42,5,0.00013530864,0.9996606111526489,0
adl-04-cam0-rgb,data/keypoints_ur/adl/adl-04-cam0-rgb.npz,61,105,0,42,5,0.6376654,0.9996606111526489,0
adl-04-cam0-rgb,data/keypoints_ur/adl/adl-04-cam0-rgb.npz,76,120,0,42,5,0.99913424,0.9996606111526489,0
adl-04-cam0-rgb,data/keypoints_ur/adl/adl-04-cam0-rgb.npz,91,135,0,42,5,0.622692,0.9996606111526489,0
adl-04-cam0-rgb,data/keypoints_ur/adl/adl-04-cam0-rgb.npz,106,150,0,42,5,0.00011021383,0.9996606111526489,0
adl-07-cam0-rgb,data/keypoints_ur/adl/adl-07-cam0-rgb.npz,1,45,0,42,5,5.6866793e-05,0.9996606111526489,0
adl-07-cam0-rgb,data/keypoints_ur/adl/adl-07-cam0-rgb.npz,16,60,0,42,5,5.6075503e-05,0.9996606111526489,0
adl-07-cam0-rgb,data/keypoints_ur/adl/adl-07-cam0-rgb.npz,31,75,0,42,5,5.619445e-05,0.9996606111526489,0
adl-07-cam0-rgb,data/keypoints_ur/adl/adl-07-cam0-rgb.npz,46,90,0,42,5,5.3680506e-05,0.9996606111526489,0
adl-07-cam0-rgb,data/keypoints_ur/adl/adl-07-cam0-rgb.npz,61,105,0,42,5,5.035289e-05,0.9996606111526489,0
adl-07-cam0-rgb,data/keypoints_ur/adl/adl-07-cam0-rgb.npz,76,120,0,42,5,4.6511203e-05,0.9996606111526489,0
adl-07-cam0-rgb,data/keypoints_ur/adl/adl-07-cam0-rgb.npz,91,135,0,42,5,4.4829903e-05,0.9996606111526489,0
adl-07-cam0-rgb,data/keypoints_ur/adl/adl-07-cam0-rgb.npz,106,150,0,42,5,4.489266e-05,0.9996606111526489,0
adl-07-cam0-rgb,data/keypoints_ur/adl/adl-07-cam0-rgb.npz,121,165,0,42,5,4.9053393e-05,0.9996606111526489,0
adl-07-cam0-rgb,data/keypoints_ur/adl/adl-07-cam0-rgb.npz,136,180,0,42,5,5.0357885e-05,0.9996606111526489,0
adl-10-cam0-rgb,data/keypoints_ur/adl/adl-10-cam0-rgb.npz,1,45,0,42,5,5.6810422e-05,0.9996606111526489,0
adl-10-cam0-rgb,data/keypoints_ur/adl/adl-10-cam0-rgb.npz,16,60,0,42,5,5.5995988e-05,0.9996606111526489,0
adl-10-cam0-rgb,data/keypoints_ur/adl/adl-10-cam0-rgb.npz,31,75,0,42,5,5.486358e-05,0.9996606111526489,0
adl-10-cam0-rgb,data/keypoints_ur/adl/adl-10-cam0-rgb.npz,46,90,0,42,5,5.40099e-05,0.9996606111526489,0
adl-10-cam0-rgb,data/keypoints_ur/adl/adl-10-cam0-rgb.npz,61,105,0,42,5,5.3737356e-05,0.9996606111526489,0
adl-10-cam0-rgb,data/keypoints_ur/adl/adl-10-cam0-rgb.npz,76,120,0,42,5,5.4708933e-05,0.9996606111526489,0
adl-10-cam0-rgb,data/keypoints_ur/adl/adl-10-cam0-rgb.npz,91,135,0,42,5,5.781279e-05,0.9996606111526489,0
adl-10-cam0-rgb,data/keypoints_ur/adl/adl-10-cam0-rgb.npz,106,150,0,42,5,7.011446e-05,0.9996606111526489,0
adl-10-cam0-rgb,data/keypoints_ur/adl/adl-10-cam0-rgb.npz,121,165,0,42,5,7.424278e-05,0.9996606111526489,0
adl-10-cam0-rgb,data/keypoints_ur/adl/adl-10-cam0-rgb.npz,136,180,0,42,5,7.792503e-05,0.9996606111526489,0
adl-10-cam0-rgb,data/keypoints_ur/adl/adl-10-cam0-rgb.npz,151,195,0,42,5,7.4268704e-05,0.9996606111526489,0
adl-10-cam0-rgb,data/keypoints_ur/adl/adl-10-cam0-rgb.npz,166,210,0,42,5,7.1911614e-05,0.9996606111526489,0
adl-10-cam0-rgb,data/keypoints_ur/adl/adl-10-cam0-rgb.npz,181,225,0,42,5,7.1404305e-05,0.9996606111526489,0
adl-10-cam0-rgb,data/keypoints_ur/adl/adl-10-cam0-rgb.npz,196,240,0,42,5,7.0896116e-05,0.9996606111526489,0
adl-10-cam0-rgb,data/keypoints_ur/adl/adl-10-cam0-rgb.npz,211,255,0,42,5,7.412966e-05,0.9996606111526489,0
adl-10-cam0-rgb,data/keypoints_ur/adl/adl-10-cam0-rgb.npz,226,270,0,42,5,5.4245433e-05,0.9996606111526489,0
adl-10-cam0-rgb,data/keypoints_ur/adl/adl-10-cam0-rgb.npz,241,285,0,42,5,4.8200593e-05,0.9996606111526489,0
adl-10-cam0-rgb,data/keypoints_ur/adl/adl-10-cam0-rgb.npz,256,300,0,42,5,4.8234935e-05,0.9996606111526489,0
adl-15-cam0-rgb,data/keypoints_ur/adl/adl-15-cam0-rgb.npz,31,75,0,42,5,4.422819e-05,0.9996606111526489,0
adl-15-cam0-rgb,data/keypoints_ur/adl/adl-15-cam0-rgb.npz,46,90,0,42,5,4.341101e-05,0.9996606111526489,0
adl-15-cam0-rgb,data/keypoints_ur/adl/adl-15-cam0-rgb.npz,61,105,0,42,5,4.292558e-05,0.9996606111526489,0
adl-15-cam0-rgb,data/keypoints_ur/adl/adl-15-cam0-rgb.npz,76,120,0,42,5,4.2178093e-05,0.9996606111526489,0
adl-15-cam0-rgb,data/keypoints_ur/adl/adl-15-cam0-rgb.npz,91,135,0,42,5,4.183974e-05,0.9996606111526489,0
adl-15-cam0-rgb,data/keypoints_ur/adl/adl-15-cam0-rgb.npz,106,150,0,42,5,4.2350475e-05,0.9996606111526489,0
adl-15-cam0-rgb,data/keypoints_ur/adl/adl-15-cam0-rgb.npz,121,165,0,42,5,4.3763455e-05,0.9996606111526489,0
adl-15-cam0-rgb,data/keypoints_ur/adl/adl-15-cam0-rgb.npz,136,180,0,42,5,4.416876e-05,0.9996606111526489,0
adl-15-cam0-rgb,data/keypoints_ur/adl/adl-15-cam0-rgb.npz,151,195,0,42,5,5.0056628e-05,0.9996606111526489,0
adl-15-cam0-rgb,data/keypoints_ur/adl/adl-15-cam0-rgb.npz,166,210,0,42,5,5.1390536e-05,0.9996606111526489,0
adl-15-cam0-rgb,data/keypoints_ur/adl/adl-15-cam0-rgb.npz,181,225,0,42,5,5.8609985e-05,0.9996606111526489,0
adl-15-cam0-rgb,data/keypoints_ur/adl/adl-15-cam0-rgb.npz,196,240,0,42,5,5.528837e-05,0.9996606111526489,0
adl-15-cam0-rgb,data/keypoints_ur/adl/adl-15-cam0-rgb.npz,211,255,0,42,5,4.4554152e-05,0.9996606111526489,0
adl-15-cam0-rgb,data/keypoints_ur/adl/adl-15-cam0-rgb.npz,226,270,0,42,5,4.4452634e-05,0.9996606111526489,0
adl-17-cam0-rgb,data/keypoints_ur/adl/adl-17-cam0-rgb.npz,31,75,0,42,5,4.35701e-05,0.9996606111526489,0
adl-17-cam0-rgb,data/keypoints_ur/adl/adl-17-cam0-rgb.npz,46,90,0,42,5,4.2828753e-05,0.9996606111526489,0
adl-17-cam0-rgb,data/keypoints_ur/adl/adl-17-cam0-rgb.npz,61,105,0,42,5,4.2522955e-05,0.9996606111526489,0
adl-17-cam0-rgb,data/keypoints_ur/adl/adl-17-cam0-rgb.npz,76,120,0,42,5,4.2256645e-05,0.9996606111526489,0
adl-17-cam0-rgb,data/keypoints_ur/adl/adl-17-cam0-rgb.npz,91,135,0,42,5,4.2378997e-05,0.9996606111526489,0
adl-17-cam0-rgb,data/keypoints_ur/adl/adl-17-cam0-rgb.npz,106,150,0,42,5,4.3045606e-05,0.9996606111526489,0
adl-17-cam0-rgb,data/keypoints_ur/adl/adl-17-cam0-rgb.npz,121,165,0,42,5,4.2829077e-05,0.9996606111526489,0
adl-17-cam0-rgb,data/keypoints_ur/adl/adl-17-cam0-rgb.npz,136,180,0,42,5,4.403729e-05,0.9996606111526489,0
adl-17-cam0-rgb,data/keypoints_ur/adl/adl-17-cam0-rgb.npz,151,195,0,42,5,4.8794554e-05,0.9996606111526489,0
adl-17-cam0-rgb,data/keypoints_ur/adl/adl-17-cam0-rgb.npz,166,210,0,42,5,5.066761e-05,0.9996606111526489,0
adl-17-cam0-rgb,data/keypoints_ur/adl/adl-17-cam0-rgb.npz,181,225,0,42,5,4.5425066e-05,0.9996606111526489,0
adl-27-cam0-rgb,data/keypoints_ur/adl/adl-27-cam0-rgb.npz,1,45,0,42,5,4.6853005e-05,0.9996606111526489,0
adl-27-cam0-rgb,data/keypoints_ur/adl/adl-27-cam0-rgb.npz,16,60,0,42,5,4.5849436e-05,0.9996606111526489,0
adl-27-cam0-rgb,data/keypoints_ur/adl/adl-27-cam0-rgb.npz,31,75,0,42,5,4.5335917e-05,0.9996606111526489,0
adl-27-cam0-rgb,data/keypoints_ur/adl/adl-27-cam0-rgb.npz,46,90,0,42,5,4.598259e-05,0.9996606111526489,0
adl-33-cam0-rgb,data/keypoints_ur/adl/adl-33-cam0-rgb.npz,1,45,0,42,5,6.6595305e-05,0.9996606111526489,0
adl-33-cam0-rgb,data/keypoints_ur/adl/adl-33-cam0-rgb.npz,16,60,0,42,5,6.9555186e-05,0.9996606111526489,0
adl-33-cam0-rgb,data/keypoints_ur/adl/adl-33-cam0-rgb.npz,31,75,0,42,5,7.2230156e-05,0.9996606111526489,0
adl-33-cam0-rgb,data/keypoints_ur/adl/adl-33-cam0-rgb.npz,46,90,0,42,5,0.00010043242,0.9996606111526489,0
adl-33-cam0-rgb,data/keypoints_ur/adl/adl-33-cam0-rgb.npz,61,105,0,42,5,0.00012697109,0.9996606111526489,0
adl-33-cam0-rgb,data/keypoints_ur/adl/adl-33-cam0-rgb.npz,76,120,0,42,5,0.00011874902,0.9996606111526489,0
adl-33-cam0-rgb,data/keypoints_ur/adl/adl-33-cam0-rgb.npz,91,135,0,42,5,9.853742e-05,0.9996606111526489,0
adl-33-cam0-rgb,data/keypoints_ur/adl/adl-33-cam0-rgb.npz,106,150,0,42,5,8.865027e-05,0.9996606111526489,0
adl-33-cam0-rgb,data/keypoints_ur/adl/adl-33-cam0-rgb.npz,121,165,0,42,5,8.2823484e-05,0.9996606111526489,0
adl-33-cam0-rgb,data/keypoints_ur/adl/adl-33-cam0-rgb.npz,136,180,0,42,5,8.681052e-05,0.9996606111526489,0
adl-33-cam0-rgb,data/keypoints_ur/adl/adl-33-cam0-rgb.npz,151,195,0,42,5,9.856505e-05,0.9996606111526489,0
adl-35-cam0-rgb,data/keypoints_ur/adl/adl-35-cam0-rgb.npz,1,45,0,42,5,0.00034853513,0.9996606111526489,0
adl-35-cam0-rgb,data/keypoints_ur/adl/adl-35-cam0-rgb.npz,16,60,0,42,5,0.00031084215,0.9996606111526489,0
adl-35-cam0-rgb,data/keypoints_ur/adl/adl-35-cam0-rgb.npz,31,75,0,42,5,9.81929e-05,0.9996606111526489,0
adl-35-cam0-rgb,data/keypoints_ur/adl/adl-35-cam0-rgb.npz,46,90,0,42,5,0.00010390413,0.9996606111526489,0
adl-35-cam0-rgb,data/keypoints_ur/adl/adl-35-cam0-rgb.npz,61,105,0,42,5,0.00010215373,0.9996606111526489,0
adl-35-cam0-rgb,data/keypoints_ur/adl/adl-35-cam0-rgb.npz,76,120,0,42,5,9.915311e-05,0.9996606111526489,0
adl-35-cam0-rgb,data/keypoints_ur/adl/adl-35-cam0-rgb.npz,91,135,0,42,5,6.643116e-05,0.9996606111526489,0
adl-35-cam0-rgb,data/keypoints_ur/adl/adl-35-cam0-rgb.npz,106,150,0,42,5,6.433537e-05,0.9996606111526489,0
adl-35-cam0-rgb,data/keypoints_ur/adl/adl-35-cam0-rgb.npz,121,165,0,42,5,6.683145e-05,0.9996606111526489,0
adl-35-cam0-rgb,data/keypoints_ur/adl/adl-35-cam0-rgb.npz,136,180,0,42,5,5.978801e-05,0.9996606111526489,0
adl-35-cam0-rgb,data/keypoints_ur/adl/adl-35-cam0-rgb.npz,151,195,0,42,5,6.0253922e-05,0.9996606111526489,0
adl-35-cam0-rgb,data/keypoints_ur/adl/adl-35-cam0-rgb.npz,166,210,0,42,5,6.593308e-05,0.9996606111526489,0
adl-35-cam0-rgb,data/keypoints_ur/adl/adl-35-cam0-rgb.npz,181,225,0,42,5,7.168075e-05,0.9996606111526489,0
adl-35-cam0-rgb,data/keypoints_ur/adl/adl-35-cam0-rgb.npz,196,240,0,42,5,0.00016639079,0.9996606111526489,0
adl-35-cam0-rgb,data/keypoints_ur/adl/adl-35-cam0-rgb.npz,211,255,0,42,5,0.0005458432,0.9996606111526489,0
adl-35-cam0-rgb,data/keypoints_ur/adl/adl-35-cam0-rgb.npz,226,270,0,42,5,0.00047748667,0.9996606111526489,0
fall-04-cam0-rgb,data/keypoints_ur/fall/fall-04-cam0-rgb.npz,1,45,1,42,5,0.99993944,0.9996606111526489,1
fall-04-cam0-rgb,data/keypoints_ur/fall/fall-04-cam0-rgb.npz,16,60,1,42,5,0.9999391,0.9996606111526489,1
fall-04-cam0-rgb,data/keypoints_ur/fall/fall-04-cam0-rgb.npz,46,90,0,42,5,0.00011423257,0.9996606111526489,0
fall-05-cam0-rgb,data/keypoints_ur/fall/fall-05-cam0-rgb.npz,1,45,0,42,5,5.2554256e-05,0.9996606111526489,0
fall-05-cam0-rgb,data/keypoints_ur/fall/fall-05-cam0-rgb.npz,16,60,0,42,5,5.0551113e-05,0.9996606111526489,0
fall-05-cam0-rgb,data/keypoints_ur/fall/fall-05-cam0-rgb.npz,31,75,0,42,5,4.7654008e-05,0.9996606111526489,0
fall-05-cam0-rgb,data/keypoints_ur/fall/fall-05-cam0-rgb.npz,61,105,1,42,5,0.0003941739,0.9996606111526489,0
fall-05-cam0-rgb,data/keypoints_ur/fall/fall-05-cam0-rgb.npz,76,120,1,42,5,0.009290909,0.9996606111526489,0
fall-08-cam0-rgb,data/keypoints_ur/fall/fall-08-cam0-rgb.npz,16,60,1,42,5,0.9999403,0.9996606111526489,1
fall-08-cam0-rgb,data/keypoints_ur/fall/fall-08-cam0-rgb.npz,31,75,1,42,5,0.99993896,0.9996606111526489,1
fall-11-cam0-rgb,data/keypoints_ur/fall/fall-11-cam0-rgb.npz,1,45,0,42,5,5.6108558e-05,0.9996606111526489,0
fall-11-cam0-rgb,data/keypoints_ur/fall/fall-11-cam0-rgb.npz,31,75,1,42,5,0.9999021,0.9996606111526489,1
fall-11-cam0-rgb,data/keypoints_ur/fall/fall-11-cam0-rgb.npz,46,90,1,42,5,0.9999211,0.9996606111526489,1
fall-22-cam0-rgb,data/keypoints_ur/fall/fall-22-cam0-rgb.npz,1,45,1,42,5,0.9999393,0.9996606111526489,1
fall-26-cam0-rgb,data/keypoints_ur/fall/fall-26-cam0-rgb.npz,1,45,1,42,5,0.999944,0.9996606111526489,1
fall-26-cam0-rgb,data/keypoints_ur/fall/fall-26-cam0-rgb.npz,16,60,1,42,5,0.99993527,0.9996606111526489,1
